-- phpMyAdmin SQL Dump
-- version 4.4.13.1deb1
-- http://www.phpmyadmin.net
--
-- Servidor: localhost
-- Tiempo de generación: 21-01-2016 a las 11:20:42
-- Versión del servidor: 5.6.27-0ubuntu1
-- Versión de PHP: 5.6.11-1ubuntu3.1

SET SQL_MODE = "NO_AUTO_VALUE_ON_ZERO";
SET time_zone = "+00:00";


/*!40101 SET @OLD_CHARACTER_SET_CLIENT=@@CHARACTER_SET_CLIENT */;
/*!40101 SET @OLD_CHARACTER_SET_RESULTS=@@CHARACTER_SET_RESULTS */;
/*!40101 SET @OLD_COLLATION_CONNECTION=@@COLLATION_CONNECTION */;
/*!40101 SET NAMES utf8mb4 */;

--
-- Base de datos: `sic`
--

-- --------------------------------------------------------

--
-- Estructura de tabla para la tabla `cect`
--

CREATE TABLE IF NOT EXISTS `cect` (
  `id_empresa` int(11) DEFAULT NULL,
  `codigo` varchar(100) DEFAULT NULL,
  `naturaleza` varchar(1) DEFAULT NULL,
  `clave` varchar(90) DEFAULT NULL,
  `descripcion` varchar(256) DEFAULT NULL,
  `nivel` int(11) DEFAULT NULL,
  `subctade` varchar(90) DEFAULT NULL
) ENGINE=InnoDB DEFAULT CHARSET=latin1;

-- --------------------------------------------------------

--
-- Estructura de tabla para la tabla `clientes`
--

CREATE TABLE IF NOT EXISTS `clientes` (
  `id_cliente` int(11) NOT NULL,
  `id_empresa` int(11) NOT NULL,
  `rfc` varchar(15) NOT NULL,
  `nombre` varchar(128) NOT NULL,
  `calle` varchar(256) NOT NULL,
  `cp` varchar(5) NOT NULL,
  `colonia` varchar(64) NOT NULL,
  `estado` varchar(64) NOT NULL,
  `municipio` varchar(64) NOT NULL,
  `pais` varchar(64) NOT NULL
) ENGINE=MyISAM DEFAULT CHARSET=latin1;

-- --------------------------------------------------------

--
-- Estructura de tabla para la tabla `configuracion`
--

CREATE TABLE IF NOT EXISTS `configuracion` (
  `id_configuracion` int(11) NOT NULL,
  `id_empresa` int(11) NOT NULL,
  `clave` varchar(128) NOT NULL,
  `valor` varchar(512) NOT NULL,
  `tipo` int(11) NOT NULL
) ENGINE=MyISAM AUTO_INCREMENT=24 DEFAULT CHARSET=latin1;

-- --------------------------------------------------------

--
-- Estructura de tabla para la tabla `cuentas`
--

CREATE TABLE IF NOT EXISTS `cuentas` (
  `id_cuenta` int(11) NOT NULL,
  `id_sat` int(11) NOT NULL,
  `id_empresa` int(11) NOT NULL,
  `id_naturaleza` int(11) NOT NULL,
  `id_tipo` int(11) NOT NULL,
  `pisr` tinyint(1) NOT NULL,
  `diva` tinyint(1) NOT NULL,
  `aisr` tinyint(1) NOT NULL,
  `pertenece` int(11) NOT NULL,
  `clave` varchar(90) NOT NULL,
  `descripcion` varchar(256) NOT NULL,
  `nivel` int(11) NOT NULL DEFAULT '1'
) ENGINE=MyISAM AUTO_INCREMENT=58 DEFAULT CHARSET=utf8;

--
-- Volcado de datos para la tabla `cuentas`
--

INSERT INTO `cuentas` (`id_cuenta`, `id_sat`, `id_empresa`, `id_naturaleza`, `id_tipo`, `pisr`, `diva`, `aisr`, `pertenece`, `clave`, `descripcion`, `nivel`) VALUES
(1, 3, 1, 1, 1, 0, 0, 0, 1, '10000000', 'CAJA', 1),
(2, 4, 1, 1, 2, 0, 0, 0, 1, '10001000', 'Caja', 2),
(3, 5, 1, 1, 1, 0, 0, 0, 3, '10500000', 'BANCOS', 1),
(4, 6, 1, 1, 2, 0, 0, 0, 3, '10501000', 'Banamex', 2),
(5, 71, 1, 1, 1, 0, 0, 0, 5, '11500000', 'IVA ACREDITABLE', 1),
(6, 72, 1, 1, 2, 0, 0, 0, 5, '11501000', 'Iva acreditable', 2),
(7, 100, 1, 1, 2, 0, 0, 0, 5, '11502000', 'Iva acreditable pendiente de pago', 2),
(8, 14, 1, 1, 1, 0, 0, 0, 8, '12000000', 'CLIENTES', 1),
(9, 15, 1, 1, 2, 0, 0, 0, 8, '12001000', 'Quasarleds México', 2),
(10, 15, 1, 1, 2, 0, 0, 0, 8, '12002000', 'Gustavo Bazan Maciel', 2),
(11, 15, 1, 1, 2, 0, 0, 0, 8, '12003000', 'MackMiken', 2),
(12, 341, 1, 1, 1, 0, 0, 0, 12, '12500000', 'ANTICIPO DE IMPUESTOS', 1),
(13, 0, 1, 1, 2, 0, 0, 0, 12, '12501000', 'Retención Iva', 2),
(14, 345, 1, 1, 2, 0, 0, 0, 12, '12502000', 'Retención ISR', 2),
(15, 341, 1, 1, 1, 0, 0, 0, 15, '13000000', 'ANTICIPO DE IMPUESTOS CREDITO', 1),
(16, 353, 1, 1, 2, 0, 0, 0, 15, '13001000', 'Retención Iva', 2),
(17, 353, 1, 1, 2, 0, 0, 0, 15, '13002000', 'Retención ISR', 2),
(18, 252, 1, 2, 1, 0, 0, 0, 18, '20000000', 'PROVEEDORES', 1),
(19, 253, 1, 2, 2, 0, 0, 0, 18, '20001000', 'Akky', 2),
(20, 253, 1, 2, 2, 0, 0, 0, 18, '20002000', 'Telcel', 2),
(21, 253, 1, 2, 2, 0, 0, 0, 18, '20003000', 'Delzor S.C', 2),
(22, 253, 1, 2, 2, 0, 0, 0, 18, '20004000', 'Telecable', 2),
(23, 327, 1, 2, 1, 0, 0, 0, 23, '22000000', 'IVA POR PAGAR', 1),
(24, 328, 1, 2, 2, 0, 0, 0, 23, '22001000', 'Iva por pagar', 2),
(25, 311, 1, 2, 2, 0, 0, 0, 23, '22002000', 'Iva por pagar pendiente de cobro', 2),
(26, 0, 1, 2, 1, 0, 0, 0, 26, '23000000', 'IMPUESTOS POR PAGAR', 1),
(27, 0, 1, 2, 2, 0, 0, 0, 26, '23001000', 'Impuesto IVA', 2),
(28, 0, 1, 2, 2, 0, 0, 0, 26, '23002000', 'Impuesto ISR', 2),
(29, 443, 1, 2, 1, 0, 0, 0, 29, '40000000', 'INGRESOS', 1),
(30, 463, 1, 2, 2, 0, 0, 0, 56, '40001001', 'Quasarleds México', 3),
(31, 463, 1, 2, 2, 0, 0, 0, 57, '40002001', 'Gustavo Bazan Maciel', 3),
(32, 463, 1, 2, 2, 0, 0, 0, 57, '40002002', 'MacMiken', 3),
(33, 0, 1, 2, 1, 0, 0, 0, 33, '40500000', 'INGRESOS CREDITO', 1),
(34, 0, 1, 2, 2, 0, 0, 0, 33, '40501000', 'Quasarleds México', 2),
(35, 0, 1, 2, 2, 0, 0, 0, 33, '40502000', 'Gustavo Bazan Maciel', 2),
(36, 0, 1, 2, 2, 0, 0, 0, 33, '40503000', 'MackMiken', 2),
(37, 495, 1, 1, 1, 0, 0, 0, 37, '50000000', 'COSTO DE SERVICIO CONTADO', 1),
(38, 496, 1, 1, 2, 0, 0, 0, 37, '50001000', 'Combustible', 2),
(39, 499, 1, 1, 2, 0, 0, 0, 37, '50002000', 'Papeleria y articulos de oficina', 2),
(40, 498, 1, 1, 2, 0, 0, 0, 37, '50003000', 'Registro de dominios web', 2),
(41, 499, 1, 1, 2, 0, 0, 0, 37, '50004000', 'Internet y Teléfono', 2),
(42, 0, 1, 1, 1, 0, 0, 0, 42, '50500000', 'COSTO DE SERVICIO CREDITO', 1),
(43, 0, 1, 1, 2, 0, 0, 0, 42, '50501000', 'Combustible', 2),
(44, 0, 1, 1, 2, 0, 0, 0, 42, '50502000', 'Papeleria y articulos de oficina', 2),
(45, 0, 1, 1, 2, 0, 0, 0, 42, '50503000', 'Registro de dominios web', 2),
(46, 0, 1, 1, 2, 0, 0, 0, 42, '50504000', 'Internet y Teléfono', 2),
(47, 253, 1, 2, 2, 0, 0, 0, 18, '20005000', 'Super papelera, SA de CV', 2),
(48, 253, 1, 2, 2, 0, 0, 0, 18, '20006000', 'Super servicio santa monica S.A. de C.V.', 2),
(49, 541, 1, 1, 1, 0, 0, 0, 49, '60000000', 'GASTOS GENERALES', 1),
(50, 597, 1, 1, 2, 0, 0, 0, 49, '60001000', 'Mantenimiento y conservación', 2),
(51, 595, 1, 1, 2, 0, 0, 0, 49, '60002000', 'Articulos de limpieza', 2),
(52, 625, 1, 1, 2, 0, 0, 0, 49, '60003000', 'IEPS', 2),
(53, 15, 1, 1, 2, 0, 0, 0, 8, '12004000', 'Rafael Sanchez Huerta', 2),
(54, 463, 1, 2, 2, 0, 0, 0, 57, '40002003', 'Rafael Sanchez Huerta', 3),
(55, 0, 1, 2, 2, 0, 0, 0, 33, '40504000', 'Rafael Sanchez Huerta', 2),
(56, 444, 1, 2, 1, 0, 0, 0, 29, '40001000', 'PERSONA MORAL', 2),
(57, 444, 1, 2, 1, 0, 0, 0, 29, '40002000', 'PERSONA FISICA', 2);

-- --------------------------------------------------------

--
-- Estructura de tabla para la tabla `cuentas_rubros`
--

CREATE TABLE IF NOT EXISTS `cuentas_rubros` (
  `id_cuenta` int(11) NOT NULL,
  `id_empresa` int(11) NOT NULL,
  `id_rubro` int(11) NOT NULL
) ENGINE=MyISAM DEFAULT CHARSET=utf8;

--
-- Volcado de datos para la tabla `cuentas_rubros`
--

INSERT INTO `cuentas_rubros` (`id_cuenta`, `id_empresa`, `id_rubro`) VALUES
(1, 1, 1),
(2, 1, 1),
(3, 1, 1),
(4, 1, 1),
(5, 1, 1),
(6, 1, 1),
(7, 1, 1),
(8, 1, 1),
(9, 1, 1),
(10, 1, 1),
(11, 1, 1),
(12, 1, 1),
(13, 1, 1),
(14, 1, 1),
(15, 1, 1),
(16, 1, 1),
(17, 1, 1),
(18, 1, 3),
(19, 1, 3),
(20, 1, 3),
(21, 1, 3),
(22, 1, 3),
(23, 1, 3),
(24, 1, 3),
(25, 1, 3),
(26, 1, 3),
(27, 1, 3),
(28, 1, 3),
(29, 1, 6),
(30, 1, 6),
(31, 1, 6),
(32, 1, 6),
(33, 1, 6),
(34, 1, 6),
(35, 1, 6),
(36, 1, 6),
(37, 1, 7),
(38, 1, 7),
(39, 1, 7),
(40, 1, 7),
(41, 1, 7),
(42, 1, 7),
(43, 1, 7),
(44, 1, 7),
(45, 1, 7),
(46, 1, 7),
(47, 1, 3),
(48, 1, 3),
(49, 1, 8),
(50, 1, 8),
(51, 1, 8),
(52, 1, 1),
(52, 1, 8),
(53, 1, 1),
(54, 1, 6),
(55, 1, 6),
(56, 1, 6),
(57, 1, 6);

-- --------------------------------------------------------

--
-- Estructura de tabla para la tabla `detalle_poliza`
--

CREATE TABLE IF NOT EXISTS `detalle_poliza` (
  `id_detalle` int(11) NOT NULL,
  `id_poliza` int(11) NOT NULL,
  `id_periodo` int(11) NOT NULL,
  `id_empresa` int(11) NOT NULL,
  `id_cuenta` int(11) NOT NULL,
  `movimientos` text NOT NULL,
  `debe` decimal(10,2) NOT NULL,
  `haber` decimal(10,2) NOT NULL
) ENGINE=MyISAM AUTO_INCREMENT=755 DEFAULT CHARSET=utf8;

--
-- Volcado de datos para la tabla `detalle_poliza`
--

INSERT INTO `detalle_poliza` (`id_detalle`, `id_poliza`, `id_periodo`, `id_empresa`, `id_cuenta`, `movimientos`, `debe`, `haber`) VALUES
(19, 1, 5, 1, 20, 'TELCEL', 0.00, 532.84),
(20, 1, 5, 1, 7, 'TELCEL', 73.50, 0.00),
(21, 1, 5, 1, 46, 'TELCEL', 459.34, 0.00),
(22, 3, 5, 1, 20, 'TELCEL', 0.00, 594.27),
(23, 3, 5, 1, 7, 'TELCEL', 81.97, 0.00),
(24, 3, 5, 1, 46, 'TELCEL', 512.30, 0.00),
(25, 4, 5, 1, 4, 'Intereses Banamex TC', 0.00, 84.22),
(26, 4, 5, 1, 6, 'Intereses Banamex TC', 11.62, 0.00),
(27, 4, 5, 1, 50, 'Intereses Banamex TC', 72.60, 0.00),
(28, 5, 5, 1, 20, 'PAGO TELCEL', 594.27, 0.00),
(29, 5, 5, 1, 6, 'PAGO TELCEL', 81.97, 0.00),
(30, 5, 5, 1, 7, 'PAGO TELCEL', 0.00, 81.97),
(31, 5, 5, 1, 41, 'PAGO TELCEL', 512.30, 0.00),
(32, 5, 5, 1, 46, 'PAGO TELCEL', 0.00, 512.30),
(33, 5, 5, 1, 4, 'PAGO TELCEL', 0.00, 594.27),
(34, 6, 5, 1, 19, 'AKKY renovación lovebyfashion.mx', 0.00, 515.20),
(35, 6, 5, 1, 7, 'AKKY renovación lovebyfashion.mx', 71.06, 0.00),
(36, 6, 5, 1, 46, 'AKKY renovación lovebyfashion.mx', 444.14, 0.00),
(37, 7, 5, 1, 19, 'Pago Akky', 515.20, 0.00),
(38, 7, 5, 1, 4, 'Pago Akky', 0.00, 515.20),
(39, 7, 5, 1, 6, 'Pago Akky', 71.06, 0.00),
(40, 7, 5, 1, 7, 'Pago Akky', 0.00, 71.06),
(41, 7, 5, 1, 41, 'Pago Akky', 444.14, 0.00),
(42, 7, 5, 1, 46, 'Pago Akky', 0.00, 444.14),
(43, 8, 5, 1, 4, 'Saldo inicial Banco', 2000.00, 0.00),
(44, 8, 5, 1, 2, 'Saldo inicial Banco', 0.00, 2000.00),
(45, 1, 6, 1, 4, 'Gasolina', 0.00, 510.79),
(46, 1, 6, 1, 38, 'Gasolina', 427.88, 0.00),
(47, 1, 6, 1, 6, 'Gasolina', 68.46, 0.00),
(48, 1, 6, 1, 52, 'Gasolina', 14.45, 0.00),
(49, 2, 6, 1, 10, 'Factura 1', 4000.00, 0.00),
(50, 2, 6, 1, 25, 'Factura 1', 0.00, 551.72),
(51, 2, 6, 1, 35, 'Factura 1', 0.00, 3448.28),
(52, 3, 6, 1, 4, 'Cobro Factura 1', 4000.00, 0.00),
(53, 3, 6, 1, 10, 'Cobro Factura 1', 0.00, 4000.00),
(54, 3, 6, 1, 25, 'Cobro Factura 1', 551.72, 0.00),
(55, 3, 6, 1, 24, 'Cobro Factura 1', 0.00, 551.72),
(56, 3, 6, 1, 35, 'Cobro Factura 1', 3448.28, 0.00),
(57, 3, 6, 1, 31, 'Cobro Factura 1', 0.00, 3448.28),
(58, 4, 6, 1, 10, 'Factura 2', 6000.00, 0.00),
(59, 4, 6, 1, 25, 'Factura 2', 0.00, 827.59),
(60, 4, 6, 1, 35, 'Factura 2', 0.00, 5172.41),
(61, 5, 6, 1, 4, 'Cobro Factura 2', 6000.00, 0.00),
(62, 5, 6, 1, 10, 'Cobro Factura 2', 0.00, 6000.00),
(63, 5, 6, 1, 25, 'Cobro Factura 2', 827.59, 0.00),
(64, 5, 6, 1, 24, 'Cobro Factura 2', 0.00, 827.59),
(65, 5, 6, 1, 35, 'Cobro Factura 2', 5172.41, 0.00),
(66, 5, 6, 1, 31, 'Cobro Factura 2', 0.00, 5172.41),
(67, 6, 6, 1, 20, 'TELCEL', 0.00, 559.52),
(68, 6, 6, 1, 7, 'TELCEL', 77.18, 0.00),
(69, 6, 6, 1, 46, 'TELCEL', 482.34, 0.00),
(70, 7, 6, 1, 20, 'Pago TELCEL', 559.52, 0.00),
(71, 7, 6, 1, 4, 'Pago TELCEL', 0.00, 559.52),
(72, 7, 6, 1, 6, 'Pago TELCEL', 77.18, 0.00),
(73, 7, 6, 1, 7, 'Pago TELCEL', 0.00, 77.18),
(74, 7, 6, 1, 41, 'Pago TELCEL', 482.34, 0.00),
(75, 7, 6, 1, 46, 'Pago TELCEL', 0.00, 482.34),
(76, 8, 6, 1, 4, 'Gasolina', 0.00, 498.16),
(77, 8, 6, 1, 38, 'Gasolina', 417.31, 0.00),
(78, 8, 6, 1, 6, 'Gasolina', 66.77, 0.00),
(79, 8, 6, 1, 52, 'Gasolina', 14.08, 0.00),
(80, 9, 6, 1, 4, 'Sumitel', 0.00, 495.00),
(81, 9, 6, 1, 6, 'Sumitel', 68.28, 0.00),
(82, 9, 6, 1, 39, 'Sumitel', 426.72, 0.00),
(83, 10, 6, 1, 4, 'Gasolina', 0.00, 383.10),
(84, 10, 6, 1, 38, 'Gasolina', 320.94, 0.00),
(85, 10, 6, 1, 6, 'Gasolina', 51.35, 0.00),
(86, 10, 6, 1, 52, 'Gasolina', 10.81, 0.00),
(90, 11, 6, 1, 20, 'TELCEL', 0.00, 587.99),
(91, 11, 6, 1, 7, 'TELCEL', 81.10, 0.00),
(92, 11, 6, 1, 46, 'TELCEL', 506.89, 0.00),
(93, 12, 6, 1, 20, 'Pago TELCEL', 587.99, 0.00),
(94, 12, 6, 1, 4, 'Pago TELCEL', 0.00, 587.99),
(95, 12, 6, 1, 6, 'Pago TELCEL', 81.10, 0.00),
(96, 12, 6, 1, 7, 'Pago TELCEL', 0.00, 81.10),
(97, 12, 6, 1, 41, 'Pago TELCEL', 506.89, 0.00),
(98, 12, 6, 1, 46, 'Pago TELCEL', 0.00, 506.89),
(99, 13, 6, 1, 4, 'TCFB-3702 RadioShack', 0.00, 348.00),
(100, 13, 6, 1, 6, 'TCFB-3702 RadioShack', 48.00, 0.00),
(101, 13, 6, 1, 39, 'TCFB-3702 RadioShack', 300.00, 0.00),
(102, 14, 6, 1, 19, 'Akky', 0.00, 143.11),
(103, 14, 6, 1, 7, 'Akky', 19.74, 0.00),
(104, 14, 6, 1, 45, 'Akky', 123.37, 0.00),
(105, 15, 6, 1, 19, 'Pago Akky', 143.11, 0.00),
(106, 15, 6, 1, 4, 'Pago Akky', 0.00, 143.11),
(107, 15, 6, 1, 6, 'Pago Akky', 19.74, 0.00),
(108, 15, 6, 1, 7, 'Pago Akky', 0.00, 19.74),
(109, 15, 6, 1, 40, 'Pago Akky', 123.37, 0.00),
(110, 15, 6, 1, 45, 'Pago Akky', 0.00, 123.37),
(111, 16, 6, 1, 4, 'Gasolina', 0.00, 480.02),
(112, 16, 6, 1, 38, 'Gasolina', 402.13, 0.00),
(113, 16, 6, 1, 6, 'Gasolina', 64.34, 0.00),
(114, 16, 6, 1, 52, 'Gasolina', 13.55, 0.00),
(115, 1, 7, 1, 4, 'Gasolina', 0.00, 514.40),
(116, 1, 7, 1, 38, 'Gasolina', 431.06, 0.00),
(117, 1, 7, 1, 6, 'Gasolina', 68.97, 0.00),
(118, 1, 7, 1, 52, 'Gasolina', 14.37, 0.00),
(119, 2, 7, 1, 20, 'TELCEL', 0.00, 698.97),
(120, 2, 7, 1, 7, 'TELCEL', 96.41, 0.00),
(121, 2, 7, 1, 46, 'TELCEL', 602.56, 0.00),
(122, 3, 7, 1, 20, 'Pago Telcel', 698.97, 0.00),
(123, 3, 7, 1, 4, 'Pago Telcel', 0.00, 698.97),
(124, 3, 7, 1, 6, 'Pago Telcel', 96.41, 0.00),
(125, 3, 7, 1, 7, 'Pago Telcel', 0.00, 96.41),
(126, 3, 7, 1, 41, 'Pago Telcel', 602.56, 0.00),
(127, 3, 7, 1, 46, 'Pago Telcel', 0.00, 602.56),
(128, 4, 7, 1, 4, 'Gandhi', 0.00, 191.00),
(129, 4, 7, 1, 50, 'Gandhi', 191.00, 0.00),
(130, 5, 7, 1, 4, 'Gasolina', 0.00, 457.20),
(131, 5, 7, 1, 38, 'Gasolina', 383.13, 0.00),
(132, 5, 7, 1, 6, 'Gasolina', 61.30, 0.00),
(133, 5, 7, 1, 52, 'Gasolina', 12.77, 0.00),
(134, 6, 7, 1, 4, 'Gasolina', 0.00, 546.08),
(135, 6, 7, 1, 38, 'Gasolina', 458.25, 0.00),
(136, 6, 7, 1, 6, 'Gasolina', 73.32, 0.00),
(137, 6, 7, 1, 52, 'Gasolina', 14.51, 0.00),
(141, 7, 7, 1, 20, 'TELCEL', 0.00, 354.28),
(142, 7, 7, 1, 7, 'TELCEL', 48.86, 0.00),
(143, 7, 7, 1, 46, 'TELCEL', 305.42, 0.00),
(144, 8, 7, 1, 20, 'Pago TELCEL', 354.28, 0.00),
(145, 8, 7, 1, 4, 'Pago TELCEL', 0.00, 354.28),
(146, 8, 7, 1, 6, 'Pago TELCEL', 48.86, 0.00),
(147, 8, 7, 1, 7, 'Pago TELCEL', 0.00, 48.86),
(148, 8, 7, 1, 41, 'Pago TELCEL', 305.42, 0.00),
(149, 8, 7, 1, 46, 'Pago TELCEL', 0.00, 305.42),
(150, 9, 7, 1, 4, 'Iweb', 0.00, 4678.54),
(151, 9, 7, 1, 41, 'Iweb', 4678.54, 0.00),
(152, 10, 7, 1, 4, 'Radio Shak', 0.00, 1048.00),
(153, 10, 7, 1, 39, 'Radio Shak', 903.44, 0.00),
(154, 10, 7, 1, 6, 'Radio Shak', 144.56, 0.00),
(155, 11, 7, 1, 21, 'Delzor', 0.00, 20000.00),
(156, 11, 7, 1, 7, 'Delzor', 2758.56, 0.00),
(157, 11, 7, 1, 46, 'Delzor', 17241.44, 0.00),
(158, 12, 7, 1, 21, 'Pago Delzor', 20000.00, 0.00),
(159, 12, 7, 1, 4, 'Pago Delzor', 0.00, 20000.00),
(160, 12, 7, 1, 6, 'Pago Delzor', 2758.56, 0.00),
(161, 12, 7, 1, 7, 'Pago Delzor', 0.00, 2758.56),
(162, 12, 7, 1, 41, 'Pago Delzor', 17241.44, 0.00),
(163, 12, 7, 1, 46, 'Pago Delzor', 0.00, 17241.44),
(166, 17, 6, 1, 6, 'Impuesto', 0.00, 783.37),
(167, 17, 6, 1, 24, 'Impuesto', 1379.31, 0.00),
(168, 17, 6, 1, 27, 'Impuesto', 0.00, 595.94),
(229, 14, 7, 1, 10, 'Factura 3', 6960.00, 0.00),
(230, 14, 7, 1, 25, 'Factura 3', 0.00, 960.00),
(231, 14, 7, 1, 35, 'Factura 3', 0.00, 6000.00),
(232, 15, 7, 1, 4, 'Cobro Factura 3', 6960.00, 0.00),
(233, 15, 7, 1, 10, 'Cobro Factura 3', 0.00, 6960.00),
(234, 15, 7, 1, 25, 'Cobro Factura 3', 960.00, 0.00),
(235, 15, 7, 1, 24, 'Cobro Factura 3', 0.00, 960.00),
(236, 15, 7, 1, 35, 'Cobro Factura 3', 6000.00, 0.00),
(237, 15, 7, 1, 31, 'Cobro Factura 3', 0.00, 6000.00),
(238, 16, 7, 1, 11, 'Factura 4', 4640.00, 0.00),
(239, 16, 7, 1, 25, 'Factura 4', 0.00, 640.00),
(240, 16, 7, 1, 36, 'Factura 4', 0.00, 4000.00),
(241, 17, 7, 1, 4, 'Cobro Factura 4', 4640.00, 0.00),
(242, 17, 7, 1, 11, 'Cobro Factura 4', 0.00, 4640.00),
(243, 17, 7, 1, 25, 'Cobro Factura 4', 640.00, 0.00),
(244, 17, 7, 1, 24, 'Cobro Factura 4', 0.00, 640.00),
(245, 17, 7, 1, 36, 'Cobro Factura 4', 4000.00, 0.00),
(246, 17, 7, 1, 32, 'Cobro Factura 4', 0.00, 4000.00),
(247, 18, 7, 1, 9, 'Factura 5', 1740.00, 0.00),
(248, 18, 7, 1, 25, 'Factura 5', 0.00, 292.00),
(249, 18, 7, 1, 16, 'Factura 5', 194.50, 0.00),
(250, 18, 7, 1, 17, 'Factura 5', 182.50, 0.00),
(251, 18, 7, 1, 34, 'Factura 5', 0.00, 1825.00),
(252, 19, 7, 1, 2, 'Cobro Factura 5', 1740.00, 0.00),
(253, 19, 7, 1, 9, 'Cobro Factura 5', 0.00, 1740.00),
(254, 19, 7, 1, 25, 'Cobro Factura 5', 292.00, 0.00),
(255, 19, 7, 1, 24, 'Cobro Factura 5', 0.00, 292.00),
(256, 19, 7, 1, 13, 'Cobro Factura 5', 194.50, 0.00),
(257, 19, 7, 1, 14, 'Cobro Factura 5', 182.50, 0.00),
(258, 19, 7, 1, 16, 'Cobro Factura 5', 0.00, 194.50),
(259, 19, 7, 1, 17, 'Cobro Factura 5', 0.00, 182.50),
(260, 19, 7, 1, 34, 'Cobro Factura 5', 1825.00, 0.00),
(261, 19, 7, 1, 30, 'Cobro Factura 5', 0.00, 1825.00),
(262, 20, 7, 1, 10, 'Factura 6', 6960.00, 0.00),
(263, 20, 7, 1, 25, 'Factura 6', 0.00, 960.00),
(264, 20, 7, 1, 35, 'Factura 6', 0.00, 6000.00),
(265, 21, 7, 1, 4, 'Cobro Factura 6', 6960.00, 0.00),
(266, 21, 7, 1, 10, 'Cobro Factura 6', 0.00, 6960.00),
(267, 21, 7, 1, 25, 'Cobro Factura 6', 960.00, 0.00),
(268, 21, 7, 1, 24, 'Cobro Factura 6', 0.00, 960.00),
(269, 21, 7, 1, 35, 'Cobro Factura 6', 6000.00, 0.00),
(270, 21, 7, 1, 31, 'Cobro Factura 6', 0.00, 6000.00),
(271, 22, 7, 1, 10, 'Factura 7', 6960.00, 0.00),
(272, 22, 7, 1, 25, 'Factura 7', 0.00, 960.00),
(273, 22, 7, 1, 35, 'Factura 7', 0.00, 6000.00),
(274, 23, 7, 1, 4, 'Cobro Factura 7', 6960.00, 0.00),
(275, 23, 7, 1, 10, 'Cobro Factura 7', 0.00, 6960.00),
(276, 23, 7, 1, 25, 'Cobro Factura 7', 960.00, 0.00),
(277, 23, 7, 1, 24, 'Cobro Factura 7', 0.00, 960.00),
(278, 23, 7, 1, 35, 'Cobro Factura 7', 6000.00, 0.00),
(279, 23, 7, 1, 31, 'Cobro Factura 7', 0.00, 6000.00),
(282, 25, 7, 1, 4, 'Cobro Factura 8', 1550.00, 0.00),
(283, 25, 7, 1, 10, 'Cobro Factura 8', 0.00, 1550.00),
(284, 25, 7, 1, 25, 'Cobro Factura 8', 213.79, 0.00),
(285, 25, 7, 1, 24, 'Cobro Factura 8', 0.00, 213.79),
(286, 25, 7, 1, 35, 'Cobro Factura 8', 1336.21, 0.00),
(287, 25, 7, 1, 31, 'Cobro Factura 8', 0.00, 1336.21),
(291, 24, 7, 1, 10, 'Factura 8', 1550.00, 0.00),
(292, 24, 7, 1, 35, 'Factura 8', 0.00, 1336.21),
(293, 24, 7, 1, 25, 'Factura 8', 0.00, 213.79),
(300, 26, 7, 1, 6, 'Impuestos', 0.00, 3251.98),
(301, 26, 7, 1, 13, 'Impuestos', 0.00, 194.50),
(302, 26, 7, 1, 24, 'Impuestos', 4025.79, 0.00),
(303, 26, 7, 1, 27, 'Impuestos', 0.00, 579.31),
(304, 26, 7, 1, 14, 'Impuestos', 0.00, 182.50),
(305, 26, 7, 1, 28, 'Impuestos', 182.50, 0.00),
(306, 1, 8, 1, 10, 'Factura 9', 6960.00, 0.00),
(307, 1, 8, 1, 25, 'Factura 9', 0.00, 960.00),
(308, 1, 8, 1, 35, 'Factura 9', 0.00, 6000.00),
(315, 3, 8, 1, 10, 'Factura 10', 6960.00, 0.00),
(316, 3, 8, 1, 25, 'Factura 10', 0.00, 960.00),
(317, 3, 8, 1, 35, 'Factura 10', 0.00, 6000.00),
(318, 4, 8, 1, 4, 'Cobro Factura 10', 6960.00, 0.00),
(319, 4, 8, 1, 10, 'Cobro Factura 10', 0.00, 6960.00),
(320, 4, 8, 1, 25, 'Cobro Factura 10', 960.00, 0.00),
(321, 4, 8, 1, 24, 'Cobro Factura 10', 0.00, 960.00),
(322, 4, 8, 1, 35, 'Cobro Factura 10', 6000.00, 0.00),
(323, 4, 8, 1, 31, 'Cobro Factura 10', 0.00, 6000.00),
(324, 5, 8, 1, 10, 'Factura 11', 6960.00, 0.00),
(325, 5, 8, 1, 7, 'Factura 11', 0.00, 960.00),
(326, 5, 8, 1, 35, 'Factura 11', 0.00, 6000.00),
(327, 6, 8, 1, 4, 'Cobro Factura 11', 6960.00, 0.00),
(328, 6, 8, 1, 10, 'Cobro Factura 11', 0.00, 6960.00),
(329, 6, 8, 1, 7, 'Cobro Factura 11', 960.00, 0.00),
(330, 6, 8, 1, 24, 'Cobro Factura 11', 0.00, 960.00),
(331, 6, 8, 1, 35, 'Cobro Factura 11', 6000.00, 0.00),
(332, 6, 8, 1, 31, 'Cobro Factura 11', 0.00, 6000.00),
(333, 7, 8, 1, 10, 'Factura 13', 5395.00, 0.00),
(334, 7, 8, 1, 25, 'Factura 13', 0.00, 744.14),
(335, 7, 8, 1, 35, 'Factura 13', 0.00, 4650.86),
(336, 8, 8, 1, 4, 'Cobro Factura 13', 5395.00, 0.00),
(337, 8, 8, 1, 10, 'Cobro Factura 13', 0.00, 5395.00),
(338, 8, 8, 1, 25, 'Cobro Factura 13', 744.14, 0.00),
(339, 8, 8, 1, 24, 'Cobro Factura 13', 0.00, 744.14),
(340, 8, 8, 1, 35, 'Cobro Factura 13', 4650.86, 0.00),
(341, 8, 8, 1, 31, 'Cobro Factura 13', 0.00, 4650.86),
(342, 9, 8, 1, 4, 'Pago impuestos', 0.00, 579.00),
(343, 9, 8, 1, 27, 'Pago impuestos', 579.00, 0.00),
(348, 10, 8, 1, 4, 'Gasolina', 0.00, 495.78),
(349, 10, 8, 1, 38, 'Gasolina', 415.44, 0.00),
(350, 10, 8, 1, 6, 'Gasolina', 66.47, 0.00),
(351, 10, 8, 1, 52, 'Gasolina', 13.87, 0.00),
(356, 12, 8, 1, 4, 'Ferreperfiles', 0.00, 348.59),
(357, 12, 8, 1, 50, 'Ferreperfiles', 300.52, 0.00),
(358, 12, 8, 1, 6, 'Ferreperfiles', 48.07, 0.00),
(359, 11, 8, 1, 4, 'Gasolina', 0.00, 1336.15),
(360, 11, 8, 1, 6, 'Gasolina', 179.17, 0.00),
(361, 11, 8, 1, 38, 'Gasolina', 1119.81, 0.00),
(362, 11, 8, 1, 52, 'Gasolina', 37.17, 0.00),
(363, 13, 8, 1, 4, 'Home Depot', 0.00, 2185.91),
(364, 13, 8, 1, 6, 'Home Depot', 291.99, 0.00),
(365, 13, 8, 1, 50, 'Home Depot', 1893.92, 0.00),
(366, 14, 8, 1, 4, 'Victor Antonio Lemus Mendoza', 0.00, 699.00),
(367, 14, 8, 1, 6, 'Victor Antonio Lemus Mendoza', 96.41, 0.00),
(368, 14, 8, 1, 50, 'Victor Antonio Lemus Mendoza', 602.59, 0.00),
(369, 15, 8, 1, 4, 'Gasolina', 0.00, 663.95),
(370, 15, 8, 1, 6, 'Gasolina', 89.03, 0.00),
(371, 15, 8, 1, 38, 'Gasolina', 556.44, 0.00),
(372, 15, 8, 1, 52, 'Gasolina', 18.48, 0.00),
(373, 16, 8, 1, 4, 'Ultramarinos Azteca', 0.00, 401.60),
(374, 16, 8, 1, 6, 'Ultramarinos Azteca', 45.06, 0.00),
(375, 16, 8, 1, 51, 'Ultramarinos Azteca', 356.54, 0.00),
(376, 17, 8, 1, 4, 'Ferreperfiles', 0.00, 130.50),
(377, 17, 8, 1, 6, 'Ferreperfiles', 18.01, 0.00),
(378, 17, 8, 1, 50, 'Ferreperfiles', 112.49, 0.00),
(379, 18, 8, 1, 4, 'Landa Landa Luis', 0.00, 283.99),
(380, 18, 8, 1, 6, 'Landa Landa Luis', 39.17, 0.00),
(381, 18, 8, 1, 50, 'Landa Landa Luis', 244.82, 0.00),
(382, 19, 8, 1, 4, 'Home Depot', 0.00, 199.00),
(383, 19, 8, 1, 6, 'Home Depot', 27.45, 0.00),
(384, 19, 8, 1, 50, 'Home Depot', 171.55, 0.00),
(385, 20, 8, 1, 4, 'Azulejos y complementos', 0.00, 462.00),
(386, 20, 8, 1, 6, 'Azulejos y complementos', 63.72, 0.00),
(387, 20, 8, 1, 50, 'Azulejos y complementos', 398.28, 0.00),
(388, 21, 8, 1, 4, 'Victor Antonio Lemus Mendoza', 0.00, 78.00),
(389, 21, 8, 1, 6, 'Victor Antonio Lemus Mendoza', 10.76, 0.00),
(390, 21, 8, 1, 50, 'Victor Antonio Lemus Mendoza', 67.24, 0.00),
(394, 23, 8, 1, 4, 'Pago Papeleria', 0.00, 418.67),
(395, 23, 8, 1, 47, 'Pago Papeleria', 418.67, 0.00),
(396, 23, 8, 1, 7, 'Pago Papeleria', 0.00, 57.77),
(397, 23, 8, 1, 6, 'Pago Papeleria', 57.77, 0.00),
(398, 23, 8, 1, 39, 'Pago Papeleria', 360.90, 0.00),
(399, 23, 8, 1, 44, 'Pago Papeleria', 0.00, 360.90),
(400, 24, 8, 1, 4, 'Ferreperfiles', 0.00, 532.15),
(401, 24, 8, 1, 6, 'Ferreperfiles', 73.40, 0.00),
(402, 24, 8, 1, 50, 'Ferreperfiles', 458.75, 0.00),
(403, 25, 8, 1, 4, 'Landa Landa Luis', 0.00, 79.99),
(404, 25, 8, 1, 6, 'Landa Landa Luis', 11.03, 0.00),
(405, 25, 8, 1, 50, 'Landa Landa Luis', 68.96, 0.00),
(406, 26, 8, 1, 4, 'Home Depot', 0.00, 1005.79),
(407, 26, 8, 1, 6, 'Home Depot', 138.73, 0.00),
(408, 26, 8, 1, 50, 'Home Depot', 867.06, 0.00),
(409, 27, 8, 1, 20, 'TELCEL', 0.00, 503.71),
(410, 27, 8, 1, 7, 'TELCEL', 69.47, 0.00),
(411, 27, 8, 1, 46, 'TELCEL', 434.24, 0.00),
(412, 28, 8, 1, 20, 'PAGO TELCEL', 503.71, 0.00),
(413, 28, 8, 1, 4, 'PAGO TELCEL', 0.00, 503.71),
(414, 28, 8, 1, 6, 'PAGO TELCEL', 69.47, 0.00),
(415, 28, 8, 1, 7, 'PAGO TELCEL', 0.00, 69.47),
(416, 28, 8, 1, 41, 'PAGO TELCEL', 434.24, 0.00),
(417, 28, 8, 1, 46, 'PAGO TELCEL', 0.00, 434.24),
(418, 29, 8, 1, 4, 'WalMart', 0.00, 407.80),
(419, 29, 8, 1, 6, 'WalMart', 56.24, 0.00),
(420, 29, 8, 1, 50, 'WalMart', 351.56, 0.00),
(421, 30, 8, 1, 4, 'Azulejos y complementos', 0.00, 1744.00),
(422, 30, 8, 1, 6, 'Azulejos y complementos', 240.55, 0.00),
(423, 30, 8, 1, 50, 'Azulejos y complementos', 1503.45, 0.00),
(424, 31, 8, 1, 4, 'Victor Antonio Lemus Mendoza', 0.00, 755.00),
(425, 31, 8, 1, 6, 'Victor Antonio Lemus Mendoza', 104.14, 0.00),
(426, 31, 8, 1, 50, 'Victor Antonio Lemus Mendoza', 650.86, 0.00),
(427, 32, 8, 1, 4, 'Gasolina', 0.00, 700.00),
(428, 32, 8, 1, 6, 'Gasolina', 93.88, 0.00),
(429, 32, 8, 1, 38, 'Gasolina', 586.75, 0.00),
(430, 32, 8, 1, 52, 'Gasolina', 19.37, 0.00),
(431, 33, 8, 1, 22, 'MegaCable', 0.00, 821.00),
(432, 33, 8, 1, 7, 'MegaCable', 113.24, 0.00),
(433, 33, 8, 1, 46, 'MegaCable', 707.76, 0.00),
(434, 34, 8, 1, 22, 'Pago MegaCable', 821.00, 0.00),
(435, 34, 8, 1, 4, 'Pago MegaCable', 0.00, 821.00),
(436, 34, 8, 1, 6, 'Pago MegaCable', 113.24, 0.00),
(437, 34, 8, 1, 7, 'Pago MegaCable', 0.00, 113.24),
(438, 34, 8, 1, 41, 'Pago MegaCable', 707.76, 0.00),
(439, 34, 8, 1, 46, 'Pago MegaCable', 0.00, 707.76),
(440, 35, 8, 1, 47, 'Papeleria', 0.00, 367.00),
(441, 35, 8, 1, 7, 'Papeleria', 50.62, 0.00),
(442, 35, 8, 1, 44, 'Papeleria', 316.38, 0.00),
(447, 36, 8, 1, 47, 'Pago Papeleria', 367.00, 0.00),
(448, 36, 8, 1, 4, 'Pago Papeleria', 0.00, 367.00),
(449, 36, 8, 1, 6, 'Pago Papeleria', 50.62, 0.00),
(450, 36, 8, 1, 7, 'Pago Papeleria', 0.00, 50.62),
(451, 36, 8, 1, 39, 'Pago Papeleria', 316.38, 0.00),
(452, 36, 8, 1, 44, 'Pago Papeleria', 0.00, 316.38),
(453, 37, 8, 1, 4, 'Carbumich', 0.00, 369.00),
(454, 37, 8, 1, 6, 'Carbumich', 50.90, 0.00),
(455, 37, 8, 1, 50, 'Carbumich', 318.10, 0.00),
(456, 38, 8, 1, 4, 'Gasolina', 0.00, 459.00),
(457, 38, 8, 1, 6, 'Gasolina', 61.55, 0.00),
(458, 38, 8, 1, 38, 'Gasolina', 384.69, 0.00),
(459, 38, 8, 1, 52, 'Gasolina', 12.76, 0.00),
(460, 39, 8, 1, 20, 'TELCEL', 0.00, 349.87),
(461, 39, 8, 1, 7, 'TELCEL', 48.25, 0.00),
(462, 39, 8, 1, 46, 'TELCEL', 301.62, 0.00),
(463, 40, 8, 1, 20, 'Pago Telcel', 349.87, 0.00),
(464, 40, 8, 1, 4, 'Pago Telcel', 0.00, 349.87),
(465, 40, 8, 1, 6, 'Pago Telcel', 48.25, 0.00),
(466, 40, 8, 1, 7, 'Pago Telcel', 0.00, 48.25),
(467, 40, 8, 1, 41, 'Pago Telcel', 301.62, 0.00),
(468, 40, 8, 1, 46, 'Pago Telcel', 0.00, 301.62),
(469, 41, 8, 1, 4, 'Coppel', 0.00, 1499.00),
(470, 41, 8, 1, 6, 'Coppel', 206.76, 0.00),
(471, 41, 8, 1, 39, 'Coppel', 1292.24, 0.00),
(475, 43, 8, 1, 47, 'Pago Papeleria', 471.52, 0.00),
(476, 43, 8, 1, 4, 'Pago Papeleria', 0.00, 471.52),
(477, 43, 8, 1, 6, 'Pago Papeleria', 65.04, 0.00),
(478, 43, 8, 1, 7, 'Pago Papeleria', 0.00, 65.04),
(479, 43, 8, 1, 39, 'Pago Papeleria', 406.48, 0.00),
(480, 43, 8, 1, 44, 'Pago Papeleria', 0.00, 406.48),
(481, 42, 8, 1, 47, 'Papeleria', 0.00, 471.52),
(482, 42, 8, 1, 7, 'Papeleria', 65.04, 0.00),
(483, 42, 8, 1, 44, 'Papeleria', 406.48, 0.00),
(484, 44, 8, 1, 4, 'Gasolina', 0.00, 430.46),
(485, 44, 8, 1, 6, 'Gasolina', 57.72, 0.00),
(486, 44, 8, 1, 38, 'Gasolina', 360.75, 0.00),
(487, 44, 8, 1, 52, 'Gasolina', 11.99, 0.00),
(488, 45, 8, 1, 21, 'Delzon', 0.00, 9000.00),
(489, 45, 8, 1, 7, 'Delzon', 1241.38, 0.00),
(490, 45, 8, 1, 46, 'Delzon', 7758.62, 0.00),
(491, 46, 8, 1, 21, 'Pago Delzo', 9000.00, 0.00),
(492, 46, 8, 1, 4, 'Pago Delzo', 0.00, 9000.00),
(493, 46, 8, 1, 6, 'Pago Delzo', 1241.38, 0.00),
(494, 46, 8, 1, 7, 'Pago Delzo', 0.00, 1241.38),
(495, 46, 8, 1, 41, 'Pago Delzo', 7758.62, 0.00),
(496, 46, 8, 1, 46, 'Pago Delzo', 0.00, 7758.62),
(497, 47, 8, 1, 4, 'DeGarcia', 0.00, 97.88),
(498, 47, 8, 1, 6, 'DeGarcia', 13.50, 0.00),
(499, 47, 8, 1, 39, 'DeGarcia', 84.38, 0.00),
(500, 2, 8, 1, 4, 'Cobro Factura 9', 6960.00, 0.00),
(501, 2, 8, 1, 10, 'Cobro Factura 9', 0.00, 6960.00),
(502, 2, 8, 1, 25, 'Cobro Factura 9', 960.00, 0.00),
(503, 2, 8, 1, 24, 'Cobro Factura 9', 0.00, 960.00),
(504, 2, 8, 1, 35, 'Cobro Factura 9', 6000.00, 0.00),
(505, 2, 8, 1, 31, 'Cobro Factura 9', 0.00, 6000.00),
(506, 2, 5, 1, 20, 'PAGO TELCEL', 532.84, 0.00),
(507, 2, 5, 1, 4, 'PAGO TELCEL', 0.00, 532.84),
(508, 2, 5, 1, 6, 'PAGO TELCEL', 73.50, 0.00),
(509, 2, 5, 1, 7, 'PAGO TELCEL', 0.00, 73.50),
(510, 2, 5, 1, 41, 'PAGO TELCEL', 459.34, 0.00),
(511, 2, 5, 1, 46, 'PAGO TELCEL', 0.00, 459.34),
(512, 22, 8, 1, 47, 'Papeleria', 0.00, 418.67),
(513, 22, 8, 1, 7, 'Papeleria', 57.77, 0.00),
(514, 22, 8, 1, 44, 'Papeleria', 360.90, 0.00),
(518, 13, 7, 1, 4, 'Pago Impuestos', 0.00, 698.00),
(519, 13, 7, 1, 27, 'Pago Impuestos', 596.00, 0.00),
(520, 13, 7, 1, 28, 'Pago Impuestos', 102.00, 0.00),
(521, 1, 9, 1, 10, 'Factura 14 ', 6960.00, 0.00),
(522, 1, 9, 1, 25, 'Factura 14 ', 0.00, 960.00),
(523, 1, 9, 1, 35, 'Factura 14 ', 0.00, 6000.00),
(524, 2, 9, 1, 4, 'Cobro Factura 14', 6960.00, 0.00),
(525, 2, 9, 1, 10, 'Cobro Factura 14', 0.00, 6960.00),
(526, 2, 9, 1, 25, 'Cobro Factura 14', 960.00, 0.00),
(527, 2, 9, 1, 24, 'Cobro Factura 14', 0.00, 960.00),
(528, 2, 9, 1, 35, 'Cobro Factura 14', 6000.00, 0.00),
(529, 2, 9, 1, 31, 'Cobro Factura 14', 0.00, 6000.00),
(530, 3, 9, 1, 10, 'Factura 15', 6960.00, 0.00),
(531, 3, 9, 1, 25, 'Factura 15', 0.00, 960.00),
(532, 3, 9, 1, 35, 'Factura 15', 0.00, 6000.00),
(533, 4, 9, 1, 4, 'cobro Factura 15', 6960.00, 0.00),
(534, 4, 9, 1, 25, 'cobro Factura 15', 960.00, 0.00),
(535, 4, 9, 1, 35, 'cobro Factura 15', 6000.00, 0.00),
(536, 4, 9, 1, 10, 'cobro Factura 15', 0.00, 6960.00),
(537, 4, 9, 1, 24, 'cobro Factura 15', 0.00, 960.00),
(538, 4, 9, 1, 31, 'cobro Factura 15', 0.00, 6000.00),
(539, 5, 9, 1, 10, 'Factura 16', 3100.00, 0.00),
(540, 5, 9, 1, 25, 'Factura 16', 0.00, 427.59),
(541, 5, 9, 1, 35, 'Factura 16', 0.00, 2672.41),
(542, 6, 9, 1, 4, 'Cobro Factura 16', 3100.00, 0.00),
(543, 6, 9, 1, 25, 'Cobro Factura 16', 427.59, 0.00),
(544, 6, 9, 1, 35, 'Cobro Factura 16', 2672.41, 0.00),
(545, 6, 9, 1, 10, 'Cobro Factura 16', 0.00, 3100.00),
(546, 6, 9, 1, 24, 'Cobro Factura 16', 0.00, 427.59),
(547, 6, 9, 1, 31, 'Cobro Factura 16', 0.00, 2672.41),
(548, 7, 9, 1, 53, 'Factura 17', 10000.00, 0.00),
(549, 7, 9, 1, 25, 'Factura 17', 0.00, 1379.31),
(550, 7, 9, 1, 55, 'Factura 17', 0.00, 8620.69),
(551, 8, 9, 1, 4, 'Cobro Factura 17', 10000.00, 0.00),
(552, 8, 9, 1, 25, 'Cobro Factura 17', 1379.31, 0.00),
(553, 8, 9, 1, 55, 'Cobro Factura 17', 8620.69, 0.00),
(554, 8, 9, 1, 53, 'Cobro Factura 17', 0.00, 10000.00),
(555, 8, 9, 1, 24, 'Cobro Factura 17', 0.00, 1379.31),
(556, 8, 9, 1, 54, 'Cobro Factura 17', 0.00, 8620.69),
(557, 9, 9, 1, 4, 'Francisco Gonzalez Ruiz', 0.00, 108.50),
(558, 9, 9, 1, 6, 'Francisco Gonzalez Ruiz', 14.97, 0.00),
(559, 9, 9, 1, 50, 'Francisco Gonzalez Ruiz', 93.53, 0.00),
(560, 10, 9, 1, 4, 'Gasolina', 0.00, 518.00),
(561, 10, 9, 1, 6, 'Gasolina', 69.46, 0.00),
(562, 10, 9, 1, 38, 'Gasolina', 434.13, 0.00),
(563, 10, 9, 1, 52, 'Gasolina', 14.41, 0.00),
(564, 11, 9, 1, 4, 'Francisco Gonzalez Ruiz', 0.00, 450.00),
(565, 11, 9, 1, 6, 'Francisco Gonzalez Ruiz', 62.07, 0.00),
(566, 11, 9, 1, 50, 'Francisco Gonzalez Ruiz', 387.93, 0.00),
(567, 12, 9, 1, 4, 'Gasolina', 0.00, 460.80),
(568, 12, 9, 1, 6, 'Gasolina', 61.80, 0.00),
(569, 12, 9, 1, 38, 'Gasolina', 386.25, 0.00),
(570, 12, 9, 1, 52, 'Gasolina', 12.75, 0.00),
(571, 13, 9, 1, 47, 'Papeleria', 0.00, 499.52),
(572, 13, 9, 1, 7, 'Papeleria', 68.90, 0.00),
(573, 13, 9, 1, 44, 'Papeleria', 430.62, 0.00),
(574, 14, 9, 1, 47, 'Pago Papeleria', 499.52, 0.00),
(575, 14, 9, 1, 4, 'Pago Papeleria', 0.00, 499.52),
(576, 14, 9, 1, 6, 'Pago Papeleria', 68.90, 0.00),
(577, 14, 9, 1, 7, 'Pago Papeleria', 0.00, 68.90),
(578, 14, 9, 1, 39, 'Pago Papeleria', 430.62, 0.00),
(579, 14, 9, 1, 44, 'Pago Papeleria', 0.00, 430.62),
(580, 15, 9, 1, 4, 'Akky', 0.00, 261.60),
(581, 15, 9, 1, 6, 'Akky', 36.08, 0.00),
(582, 15, 9, 1, 40, 'Akky', 225.52, 0.00),
(583, 16, 9, 1, 20, 'TELCEL', 0.00, 498.99),
(584, 16, 9, 1, 7, 'TELCEL', 68.83, 0.00),
(585, 16, 9, 1, 46, 'TELCEL', 430.16, 0.00),
(586, 17, 9, 1, 20, 'Pago TELCEL', 498.99, 0.00),
(587, 17, 9, 1, 6, 'Pago TELCEL', 68.83, 0.00),
(588, 17, 9, 1, 41, 'Pago TELCEL', 430.16, 0.00),
(589, 17, 9, 1, 4, 'Pago TELCEL', 0.00, 498.99),
(590, 17, 9, 1, 7, 'Pago TELCEL', 0.00, 68.83),
(591, 17, 9, 1, 46, 'Pago TELCEL', 0.00, 430.16),
(602, 21, 9, 1, 22, 'Pago MegaRed', 394.00, 0.00),
(603, 21, 9, 1, 4, 'Pago MegaRed', 0.00, 394.00),
(604, 21, 9, 1, 6, 'Pago MegaRed', 54.34, 0.00),
(605, 21, 9, 1, 7, 'Pago MegaRed', 0.00, 54.34),
(606, 21, 9, 1, 41, 'Pago MegaRed', 339.66, 0.00),
(607, 21, 9, 1, 46, 'Pago MegaRed', 0.00, 339.66),
(608, 20, 9, 1, 22, 'MegaRed', 0.00, 394.00),
(609, 20, 9, 1, 7, 'MegaRed', 54.34, 0.00),
(610, 20, 9, 1, 46, 'MegaRed', 339.66, 0.00),
(611, 18, 9, 1, 4, 'Gasolina', 0.00, 710.99),
(612, 18, 9, 1, 6, 'Gasolina', 95.36, 0.00),
(613, 18, 9, 1, 38, 'Gasolina', 596.00, 0.00),
(614, 18, 9, 1, 52, 'Gasolina', 19.63, 0.00),
(615, 19, 9, 1, 4, 'WalMart', 0.00, 638.90),
(616, 19, 9, 1, 6, 'WalMart', 80.43, 0.00),
(617, 19, 9, 1, 50, 'WalMart', 558.47, 0.00),
(618, 22, 9, 1, 20, 'TELCEL', 0.00, 349.87),
(619, 22, 9, 1, 7, 'TELCEL', 48.26, 0.00),
(620, 22, 9, 1, 46, 'TELCEL', 301.61, 0.00),
(621, 23, 9, 1, 20, 'Pago TELCEL', 349.87, 0.00),
(622, 23, 9, 1, 4, 'Pago TELCEL', 0.00, 349.87),
(623, 23, 9, 1, 6, 'Pago TELCEL', 48.26, 0.00),
(624, 23, 9, 1, 7, 'Pago TELCEL', 0.00, 48.26),
(625, 23, 9, 1, 41, 'Pago TELCEL', 301.61, 0.00),
(626, 23, 9, 1, 46, 'Pago TELCEL', 0.00, 301.61),
(627, 24, 9, 1, 47, 'Papeleria', 0.00, 133.59),
(628, 24, 9, 1, 7, 'Papeleria', 18.43, 0.00),
(629, 24, 9, 1, 44, 'Papeleria', 115.16, 0.00),
(630, 25, 9, 1, 47, 'Pago Papeleria', 133.59, 0.00),
(631, 25, 9, 1, 4, 'Pago Papeleria', 0.00, 133.59),
(632, 25, 9, 1, 6, 'Pago Papeleria', 18.43, 0.00),
(633, 25, 9, 1, 7, 'Pago Papeleria', 0.00, 18.43),
(634, 25, 9, 1, 39, 'Pago Papeleria', 115.16, 0.00),
(635, 25, 9, 1, 44, 'Pago Papeleria', 0.00, 115.16),
(636, 26, 9, 1, 4, 'Ferreperfiles', 0.00, 109.10),
(637, 26, 9, 1, 6, 'Ferreperfiles', 15.05, 0.00),
(638, 26, 9, 1, 50, 'Ferreperfiles', 94.05, 0.00),
(639, 27, 9, 1, 4, 'Waldos', 0.00, 168.92),
(640, 27, 9, 1, 6, 'Waldos', 23.30, 0.00),
(641, 27, 9, 1, 39, 'Waldos', 145.62, 0.00),
(642, 28, 9, 1, 4, 'Gasolina', 0.00, 16614.79),
(643, 28, 9, 1, 6, 'Gasolina', 2003.63, 0.00),
(644, 28, 9, 1, 38, 'Gasolina', 12522.70, 0.00),
(645, 28, 9, 1, 52, 'Gasolina', 2088.46, 0.00),
(646, 29, 9, 1, 4, 'NOVINC', 0.00, 9500.00),
(647, 29, 9, 1, 6, 'NOVINC', 1310.34, 0.00),
(648, 29, 9, 1, 41, 'NOVINC', 8189.66, 0.00),
(649, 30, 9, 1, 47, 'Papeleria', 0.00, 253.62),
(650, 30, 9, 1, 7, 'Papeleria', 34.98, 0.00),
(651, 30, 9, 1, 44, 'Papeleria', 218.64, 0.00),
(652, 31, 9, 1, 47, 'Pago Papeleria', 253.62, 0.00),
(653, 31, 9, 1, 4, 'Pago Papeleria', 0.00, 253.62),
(654, 31, 9, 1, 6, 'Pago Papeleria', 34.98, 0.00),
(655, 31, 9, 1, 7, 'Pago Papeleria', 0.00, 34.98),
(656, 31, 9, 1, 39, 'Pago Papeleria', 218.64, 0.00),
(657, 31, 9, 1, 44, 'Pago Papeleria', 0.00, 218.64),
(658, 48, 8, 1, 6, 'Impuestos', 0.00, 3624.14),
(659, 48, 8, 1, 24, 'Impuestos', 3624.14, 0.00),
(660, 32, 9, 1, 6, 'Impuesto', 0.00, 3726.90),
(661, 32, 9, 1, 24, 'Impuesto', 3726.90, 0.00),
(662, 1, 10, 1, 9, 'Factura 18', 1160.01, 0.00),
(663, 1, 10, 1, 25, 'Factura 18', 0.00, 194.69),
(664, 1, 10, 1, 34, 'Factura 18', 0.00, 1216.79),
(665, 1, 10, 1, 16, 'Factura 18', 129.79, 0.00),
(666, 1, 10, 1, 17, 'Factura 18', 121.68, 0.00),
(677, 2, 10, 1, 2, 'Cobro Factura 18', 1160.01, 0.00),
(678, 2, 10, 1, 9, 'Cobro Factura 18', 0.00, 1160.01),
(679, 2, 10, 1, 25, 'Cobro Factura 18', 194.69, 0.00),
(680, 2, 10, 1, 24, 'Cobro Factura 18', 0.00, 194.69),
(681, 2, 10, 1, 34, 'Cobro Factura 18', 1216.79, 0.00),
(682, 2, 10, 1, 30, 'Cobro Factura 18', 0.00, 1216.79),
(683, 2, 10, 1, 16, 'Cobro Factura 18', 0.00, 129.79),
(684, 2, 10, 1, 17, 'Cobro Factura 18', 0.00, 121.68),
(685, 2, 10, 1, 13, 'Cobro Factura 18', 129.79, 0.00),
(686, 2, 10, 1, 14, 'Cobro Factura 18', 121.68, 0.00),
(687, 3, 10, 1, 10, 'Factura 19', 6960.00, 0.00),
(688, 3, 10, 1, 25, 'Factura 19', 0.00, 960.00),
(689, 3, 10, 1, 35, 'Factura 19', 0.00, 6000.00),
(690, 4, 10, 1, 4, 'Cobro Factura 19', 6960.00, 0.00),
(691, 4, 10, 1, 10, 'Cobro Factura 19', 0.00, 6960.00),
(692, 4, 10, 1, 25, 'Cobro Factura 19', 960.00, 0.00),
(693, 4, 10, 1, 24, 'Cobro Factura 19', 0.00, 960.00),
(694, 4, 10, 1, 35, 'Cobro Factura 19', 6000.00, 0.00),
(695, 4, 10, 1, 31, 'Cobro Factura 19', 0.00, 6000.00),
(696, 5, 10, 1, 10, 'Factura 20', 6960.00, 0.00),
(697, 5, 10, 1, 25, 'Factura 20', 0.00, 960.00),
(698, 5, 10, 1, 35, 'Factura 20', 0.00, 6000.00),
(699, 6, 10, 1, 4, 'Cobro Factura 20', 6960.00, 0.00),
(700, 6, 10, 1, 10, 'Cobro Factura 20', 0.00, 6960.00),
(701, 6, 10, 1, 25, 'Cobro Factura 20', 960.00, 0.00),
(702, 6, 10, 1, 24, 'Cobro Factura 20', 0.00, 960.00),
(703, 6, 10, 1, 35, 'Cobro Factura 20', 6000.00, 0.00),
(704, 6, 10, 1, 31, 'Cobro Factura 20', 0.00, 6000.00),
(708, 7, 10, 1, 9, 'Factura 21', 3000.00, 0.00),
(709, 7, 10, 1, 25, 'Factura 21', 0.00, 503.50),
(710, 7, 10, 1, 34, 'Factura 21', 0.00, 3146.85),
(711, 7, 10, 1, 16, 'Factura 21', 335.66, 0.00),
(712, 7, 10, 1, 17, 'Factura 21', 314.69, 0.00),
(713, 8, 10, 1, 2, 'Jose Rogelio Garcia Madrigal', 0.00, 217.43),
(714, 8, 10, 1, 6, 'Jose Rogelio Garcia Madrigal', 29.99, 0.00),
(715, 8, 10, 1, 50, 'Jose Rogelio Garcia Madrigal', 187.44, 0.00),
(716, 9, 10, 1, 47, 'Papeleria', 0.00, 361.07),
(717, 9, 10, 1, 25, 'Papeleria', 49.80, 0.00),
(718, 9, 10, 1, 44, 'Papeleria', 311.27, 0.00),
(719, 10, 10, 1, 47, 'Pago papeleria', 361.07, 0.00),
(720, 10, 10, 1, 4, 'Pago papeleria', 0.00, 361.07),
(721, 10, 10, 1, 25, 'Pago papeleria', 49.80, 0.00),
(722, 10, 10, 1, 24, 'Pago papeleria', 0.00, 49.80),
(723, 10, 10, 1, 44, 'Pago papeleria', 311.27, 0.00),
(724, 10, 10, 1, 39, 'Pago papeleria', 0.00, 311.27),
(725, 11, 10, 1, 20, 'TELCEL', 0.00, 498.99),
(726, 11, 10, 1, 7, 'TELCEL', 68.83, 0.00),
(727, 11, 10, 1, 46, 'TELCEL', 430.16, 0.00),
(728, 12, 10, 1, 20, 'Pago Telcel', 498.99, 0.00),
(729, 12, 10, 1, 4, 'Pago Telcel', 0.00, 498.99),
(730, 12, 10, 1, 6, 'Pago Telcel', 68.83, 0.00),
(731, 12, 10, 1, 7, 'Pago Telcel', 0.00, 68.83),
(732, 12, 10, 1, 39, 'Pago Telcel', 430.16, 0.00),
(733, 12, 10, 1, 44, 'Pago Telcel', 0.00, 430.16),
(734, 13, 10, 1, 47, 'Papeleria', 0.00, 182.35),
(735, 13, 10, 1, 7, 'Papeleria', 25.15, 0.00),
(736, 13, 10, 1, 44, 'Papeleria', 157.20, 0.00),
(737, 14, 10, 1, 47, 'Pago Papeleria', 182.35, 0.00),
(738, 14, 10, 1, 2, 'Pago Papeleria', 0.00, 182.35),
(739, 14, 10, 1, 6, 'Pago Papeleria', 25.15, 0.00),
(740, 14, 10, 1, 7, 'Pago Papeleria', 0.00, 25.15),
(741, 14, 10, 1, 39, 'Pago Papeleria', 157.20, 0.00),
(742, 14, 10, 1, 44, 'Pago Papeleria', 0.00, 157.20),
(743, 15, 10, 1, 2, 'Disposicion Efectivo', 2500.00, 0.00),
(744, 15, 10, 1, 4, 'Disposicion Efectivo', 0.00, 2500.00),
(745, 16, 10, 1, 2, 'Gasolina', 0.00, 2268.53),
(746, 16, 10, 1, 6, 'Gasolina', 304.32, 0.00),
(747, 16, 10, 1, 38, 'Gasolina', 1902.00, 0.00),
(748, 16, 10, 1, 52, 'Gasolina', 62.21, 0.00),
(749, 17, 10, 1, 47, 'Papeleria', 0.00, 204.15),
(750, 17, 10, 1, 7, 'Papeleria', 28.16, 0.00),
(751, 17, 10, 1, 44, 'Papeleria', 175.99, 0.00),
(752, 18, 10, 1, 4, 'SERGIO ALBERTO CALDERON ACOSTA', 0.00, 9803.00),
(753, 18, 10, 1, 50, 'SERGIO ALBERTO CALDERON ACOSTA', 8450.86, 0.00),
(754, 18, 10, 1, 6, 'SERGIO ALBERTO CALDERON ACOSTA', 1352.14, 0.00);

-- --------------------------------------------------------

--
-- Estructura de tabla para la tabla `empresas`
--

CREATE TABLE IF NOT EXISTS `empresas` (
  `id_empresa` int(11) NOT NULL,
  `iva` tinyint(1) DEFAULT NULL,
  `isr` tinyint(1) DEFAULT NULL,
  `id_regimen` int(11) NOT NULL,
  `persona` set('fisica','moral') NOT NULL,
  `tolerancia` decimal(10,2) NOT NULL,
  `nombre` varchar(45) NOT NULL,
  `logo` varchar(64) NOT NULL,
  `curp` varchar(18) NOT NULL,
  `rfc` varchar(15) NOT NULL,
  `direccion` varchar(64) NOT NULL,
  `colonia` varchar(45) NOT NULL,
  `cp` varchar(5) NOT NULL,
  `estado` varchar(45) NOT NULL DEFAULT 'Michoacán',
  `pais` varchar(45) NOT NULL DEFAULT 'México',
  `contacto` varchar(128) NOT NULL,
  `telefono` varchar(15) NOT NULL,
  `niveles` varchar(20) NOT NULL,
  `guion` tinyint(1) NOT NULL,
  `cert` varchar(128) DEFAULT NULL,
  `llave` varchar(128) DEFAULT NULL,
  `csd` varchar(128) DEFAULT NULL,
  `vigencia` datetime DEFAULT NULL,
  `certificado` varchar(128) DEFAULT NULL,
  `email` varchar(128) DEFAULT NULL
) ENGINE=MyISAM AUTO_INCREMENT=12 DEFAULT CHARSET=utf8;

--
-- Volcado de datos para la tabla `empresas`
--

INSERT INTO `empresas` (`id_empresa`, `iva`, `isr`, `id_regimen`, `persona`, `tolerancia`, `nombre`, `logo`, `curp`, `rfc`, `direccion`, `colonia`, `cp`, `estado`, `pais`, `contacto`, `telefono`, `niveles`, `guion`, `cert`, `llave`, `csd`, `vigencia`, `certificado`, `email`) VALUES
(1, 1, 1, 5, 'fisica', 0.30, 'Luis Fernando Jaimes Benitez', 'jabl830921mu0.jpg', 'JABL830921MGRMNS03', 'JABL830921MU0', 'Cto. Adolfo Lopez Mateos 169', 'Vicente Guerrero', '58180', 'Michoacán', 'México', 'Luis Jaimes Benitez', '4432020451', '3,2,3', 0, 'jbl830921mu0.cer', 'jbl830921mu0.key', '*Lu15yN0rm2.', '2018-05-22 18:07:05', '00001000000304215758', 'lfjaimesb@gmail.com'),
(9, NULL, NULL, 0, '', 0.50, '<p>Prueba</p>', '', '', '', '', '', '', 'Michoacán', 'México', '', '', '', 0, NULL, NULL, NULL, NULL, NULL, ' lfjaimesb@as.a</div>'),
(10, NULL, NULL, 0, '', 0.50, '&lt;p&gt;Prueba&lt;/p&gt;', '', '', '', '', '', '', 'Michoacán', 'México', '', '', '', 0, NULL, NULL, NULL, NULL, NULL, 'lfjaimesb@as.adiv'),
(11, NULL, NULL, 0, '', 0.50, '&lt;p&gt;Prueba&lt;/p&gt;', '', '', '', '', '', '', 'Michoacán', 'México', '', '', '', 0, NULL, NULL, NULL, NULL, NULL, 'lfjaimesb@as.adiv');

-- --------------------------------------------------------

--
-- Estructura de tabla para la tabla `naturaleza`
--

CREATE TABLE IF NOT EXISTS `naturaleza` (
  `id_naturaleza` int(11) NOT NULL,
  `descripcion` varchar(45) NOT NULL
) ENGINE=MyISAM AUTO_INCREMENT=3 DEFAULT CHARSET=utf8;

--
-- Volcado de datos para la tabla `naturaleza`
--

INSERT INTO `naturaleza` (`id_naturaleza`, `descripcion`) VALUES
(1, 'Deudora'),
(2, 'Acreedora');

-- --------------------------------------------------------

--
-- Estructura de tabla para la tabla `papeles`
--

CREATE TABLE IF NOT EXISTS `papeles` (
  `id_papel` int(11) NOT NULL,
  `id_empresa` int(11) NOT NULL,
  `id_tipo` int(11) NOT NULL,
  `id_proveedor` int(11) DEFAULT NULL,
  `id_cliente` int(11) DEFAULT NULL,
  `folio` varchar(256) NOT NULL,
  `uuid` varchar(256) NOT NULL,
  `fecha` datetime NOT NULL,
  `iva16` decimal(10,2) NOT NULL,
  `iva0` decimal(10,2) NOT NULL,
  `exentos` decimal(10,2) NOT NULL,
  `iva` decimal(10,2) NOT NULL,
  `riva` decimal(10,2) NOT NULL,
  `risr` decimal(10,2) NOT NULL,
  `total` decimal(10,2) NOT NULL,
  `timbrado` datetime NOT NULL,
  `pago` decimal(10,2) NOT NULL
) ENGINE=MyISAM AUTO_INCREMENT=21 DEFAULT CHARSET=latin1;

--
-- Volcado de datos para la tabla `papeles`
--

INSERT INTO `papeles` (`id_papel`, `id_empresa`, `id_tipo`, `id_proveedor`, `id_cliente`, `folio`, `uuid`, `fecha`, `iva16`, `iva0`, `exentos`, `iva`, `riva`, `risr`, `total`, `timbrado`, `pago`) VALUES
(1, 1, 5, 1, 0, '19447', '0DED876F-C732-43FF-9E0E-A1C354043CC8', '2014-09-14 20:21:21', 0.00, 0.00, 615.63, 0.00, 0.00, 0.00, 710.99, '2014-09-14 20:21:21', 0.00),
(2, 1, 5, 1, 0, '19821', '1E3491B3-9498-4871-A836-1D526DF4E827', '2014-09-27 20:55:40', 0.00, 0.00, 1644.78, 0.00, 0.00, 0.00, 1900.00, '2014-09-27 20:55:41', 0.00),
(3, 1, 5, 2, 0, '6077000401', '2D31B1E9-098D-442E-8B13-FB768F9116B1', '2014-09-26 12:52:09', 86.17, 0.00, 0.00, 0.00, 0.00, 0.00, 99.96, '2014-09-26 12:54:37', 0.00),
(4, 1, 5, 3, 0, '4512', '3A60C7A3-ECC9-480F-A1A0-7F0A5251507B', '2014-09-30 15:13:41', 1293.10, 0.00, 0.00, 0.00, 0.00, 0.00, 1500.00, '2014-10-01 15:09:59', 0.00),
(5, 1, 5, 1, 0, '19190', '4D353E95-0AE5-4243-9BF8-38F8DF1476F9', '2014-09-05 09:47:10', 0.00, 0.00, 448.54, 0.00, 0.00, 0.00, 518.00, '2014-09-05 09:47:11', 0.00),
(6, 1, 5, 3, 0, '4509', '6A7D5BFE-6176-4D86-8242-EE9B931D36F1', '2014-09-30 15:11:39', 1724.14, 0.00, 0.00, 0.00, 0.00, 0.00, 2000.00, '2014-10-01 15:07:57', 0.00),
(7, 1, 5, 1, 0, '19816', '7ACC872F-3BD1-4EEA-B620-041D939C4E1B', '2014-09-27 20:50:00', 0.00, 0.00, 1731.75, 0.00, 0.00, 0.00, 2000.00, '2014-09-27 20:50:00', 0.00),
(8, 1, 5, 4, 0, '313719', '9ab14a37-f4b3-42e9-89df-bc99a50db12c', '2014-09-10 22:53:00', 225.52, 0.00, 0.00, 0.00, 0.00, 0.00, 261.60, '2014-09-10 22:53:00', 0.00),
(9, 1, 5, 5, 0, '170372', '39DBD80F-B3AD-4B9C-A62A-4B22EEC2DB28', '2014-09-23 10:26:12', 115.16, 0.00, 0.00, 0.00, 0.00, 0.00, 133.59, '2014-09-23 10:26:20', 0.00),
(10, 1, 5, 6, 0, '1447', '46a23e06-8ce9-4d5b-b93f-5310f9323325', '2014-09-18 19:17:28', 0.00, 0.00, 1016.29, 0.00, 0.00, 0.00, 394.00, '2014-09-18 19:20:06', 0.00),
(11, 1, 5, 7, 0, '7030', '79C17D91-9105-48BF-979D-B2CEFE40B436', '2014-09-04 18:50:31', 93.54, 0.00, 0.00, 0.00, 0.00, 0.00, 108.50, '2014-09-04 18:50:31', 0.00),
(12, 1, 5, 7, 0, '7055', '1481E4EC-0A57-43F6-A140-5F5AFC286F5F', '2014-09-08 11:57:03', 387.93, 0.00, 0.00, 0.00, 0.00, 0.00, 450.00, '2014-09-08 11:57:03', 0.00),
(13, 1, 5, 3, 0, '4511', '11472F59-4DD0-4A5A-A05D-F46FD491AFA5', '2014-09-30 15:12:56', 1724.14, 0.00, 0.00, 0.00, 0.00, 0.00, 2000.00, '2014-10-01 15:09:14', 0.00),
(14, 1, 5, 1, 0, '19822', '55685F59-7012-4DB9-9FFF-053915566930', '2014-09-27 20:56:42', 0.00, 0.00, 1731.75, 0.00, 0.00, 0.00, 2000.00, '2014-09-27 20:56:43', 0.00),
(15, 1, 5, 1, 0, '19824', '63822786-787E-48D8-9995-2DC116E92B26', '2014-09-27 20:59:53', 0.00, 0.00, 1731.75, 0.00, 0.00, 0.00, 2000.00, '2014-09-27 20:59:54', 0.00),
(16, 1, 5, 3, 0, '4510', 'A33CF69C-482B-464E-86BE-7E667C6846E2', '2014-09-30 15:12:17', 1724.14, 0.00, 0.00, 0.00, 0.00, 0.00, 2000.00, '2014-10-01 15:08:36', 0.00),
(17, 1, 5, 5, 0, '168460', 'AC12CE45-68A4-41A3-84E3-CBFC719F69C0', '2014-09-09 11:29:38', 0.00, 0.00, 442.80, 0.00, 0.00, 0.00, 436.60, '2014-09-09 11:29:45', 0.00),
(18, 1, 5, 1, 0, '19818', 'ACF8BC04-0158-4A0E-9620-F159C91A9B15', '2014-09-27 20:52:21', 0.00, 0.00, 1731.34, 0.00, 0.00, 0.00, 2000.00, '2014-09-27 20:52:21', 0.00),
(19, 1, 5, 1, 0, '19820', 'B23B436D-2EF7-460B-9C65-AAA874F24E04', '2014-09-27 20:54:33', 0.00, 0.00, 1688.06, 0.00, 0.00, 0.00, 1950.00, '2014-09-27 20:54:34', 0.00),
(20, 1, 5, 1, 0, '19817', 'B43E6B22-22D7-4FB6-8B97-D1C6CDFD8CBA', '2014-09-27 20:51:08', 0.00, 0.00, 1636.12, 0.00, 0.00, 0.00, 1890.00, '2014-09-27 20:51:09', 0.00);

-- --------------------------------------------------------

--
-- Estructura de tabla para la tabla `periodos`
--

CREATE TABLE IF NOT EXISTS `periodos` (
  `id_periodo` int(11) NOT NULL,
  `ejercicio` year(4) NOT NULL,
  `periodo` tinyint(2) NOT NULL,
  `id_empresa` int(11) NOT NULL,
  `balanza` varchar(128) DEFAULT NULL
) ENGINE=MyISAM AUTO_INCREMENT=16 DEFAULT CHARSET=utf8 ROW_FORMAT=FIXED;

--
-- Volcado de datos para la tabla `periodos`
--

INSERT INTO `periodos` (`id_periodo`, `ejercicio`, `periodo`, `id_empresa`, `balanza`) VALUES
(1, 2014, 1, 1, NULL),
(2, 2014, 2, 1, NULL),
(3, 2014, 3, 1, NULL),
(4, 2014, 4, 1, NULL),
(5, 2014, 5, 1, NULL),
(6, 2014, 6, 1, NULL),
(7, 2014, 7, 1, NULL),
(8, 2014, 8, 1, NULL),
(9, 2014, 9, 1, NULL),
(10, 2014, 10, 1, NULL),
(11, 2014, 11, 1, NULL),
(12, 2014, 12, 1, NULL),
(13, 2015, 3, 1, NULL),
(14, 2015, 4, 1, 'sdfdsfds'),
(15, 2015, 11, 1, NULL);

-- --------------------------------------------------------

--
-- Estructura de tabla para la tabla `polizas`
--

CREATE TABLE IF NOT EXISTS `polizas` (
  `id_poliza` int(11) NOT NULL,
  `id_periodo` int(2) NOT NULL,
  `id_empresa` int(11) NOT NULL,
  `id_tipo` int(11) NOT NULL,
  `fecha` date NOT NULL,
  `fmovimiento` date DEFAULT NULL,
  `concepto` text NOT NULL
) ENGINE=MyISAM AUTO_INCREMENT=49 DEFAULT CHARSET=utf8;

--
-- Volcado de datos para la tabla `polizas`
--

INSERT INTO `polizas` (`id_poliza`, `id_periodo`, `id_empresa`, `id_tipo`, `fecha`, `fmovimiento`, `concepto`) VALUES
(1, 5, 1, 2, '2014-05-12', '2014-05-12', 'TELCEL'),
(1, 6, 1, 2, '2014-06-07', '2014-06-07', 'Gasolina'),
(1, 7, 1, 2, '2014-07-11', '2014-07-11', 'Gasolina'),
(1, 8, 1, 1, '2014-08-01', '2014-08-01', 'Factura 9'),
(1, 9, 1, 1, '2014-09-05', '2014-09-05', 'Factura 14 '),
(1, 10, 1, 1, '2014-10-07', '2014-10-07', 'Factura 18'),
(2, 5, 1, 2, '2014-05-15', '2014-05-15', 'PAGO TELCEL'),
(2, 6, 1, 1, '2014-06-09', '2014-06-09', 'Factura 1'),
(2, 7, 1, 2, '2014-07-12', '2014-07-12', 'TELCEL'),
(2, 8, 1, 1, '2014-08-01', '2014-08-01', 'Cobro Factura 9'),
(2, 9, 1, 1, '2014-09-05', '2014-09-05', 'Cobro Factura 14'),
(2, 10, 1, 1, '2014-10-07', '2014-10-07', 'Cobro Factura 18'),
(3, 5, 1, 2, '2014-05-20', '2014-05-20', 'TELCEL'),
(3, 6, 1, 1, '2014-06-09', '2014-06-09', 'Cobro Factura 1'),
(3, 7, 1, 2, '2014-07-12', '2014-07-12', 'Pago Telcel'),
(3, 8, 1, 1, '2014-08-05', '2014-08-05', 'Factura 10'),
(3, 9, 1, 1, '2014-09-19', '2014-09-19', 'Factura 15'),
(3, 10, 1, 1, '2014-10-10', '2014-10-10', 'Factura 19'),
(4, 5, 1, 2, '2014-05-21', '2014-05-21', 'Intereses Banamex TC'),
(4, 6, 1, 1, '2014-06-09', '2014-06-09', 'Factura 2'),
(4, 7, 1, 2, '2014-07-13', '2014-07-13', 'Gandhi'),
(4, 8, 1, 1, '2014-08-05', '2014-08-05', 'Cobro Factura 10'),
(4, 9, 1, 1, '2014-09-19', '2014-09-19', 'cobro Factura 15'),
(4, 10, 1, 1, '2014-10-10', '2014-10-10', 'Cobro Factura 19'),
(5, 5, 1, 2, '2014-05-22', '2014-05-22', 'PAGO TELCEL'),
(5, 6, 1, 1, '2014-06-09', '2014-06-09', 'Cobro Factura 2'),
(5, 7, 1, 2, '2014-07-16', '2014-07-16', 'Gasolina'),
(5, 8, 1, 1, '2014-08-22', '2014-08-22', 'Factura 11'),
(5, 9, 1, 1, '2014-09-29', '2014-09-29', 'Factura 16'),
(5, 10, 1, 1, '2014-10-21', '2014-10-21', 'Factura 20'),
(6, 5, 1, 2, '2014-05-27', '2014-05-27', 'AKKY renovación lovebyfashion.mx'),
(6, 6, 1, 2, '2014-06-12', '2014-06-12', 'TELCEL'),
(6, 7, 1, 2, '2014-07-21', '2014-07-21', 'Gasolina'),
(6, 8, 1, 1, '2014-08-22', '2014-08-22', 'Cobro Factura 11'),
(6, 9, 1, 1, '2014-09-29', '2014-09-29', 'Cobro Factura 16'),
(6, 10, 1, 1, '2014-10-21', '2014-10-21', 'Cobro Factura 20'),
(7, 5, 1, 2, '2014-05-27', '2014-05-27', 'Pago Akky'),
(7, 6, 1, 2, '2014-06-14', '2014-06-14', 'Pago TELCEL'),
(7, 7, 1, 2, '2014-07-22', '2014-07-22', 'TELCEL'),
(7, 8, 1, 1, '2014-08-25', '2014-08-25', 'Factura 13'),
(7, 9, 1, 1, '2014-09-29', '2014-09-29', 'Factura 17'),
(7, 10, 1, 1, '2014-10-23', '2014-10-23', 'Factura 21'),
(8, 5, 1, 3, '2014-05-10', '2014-05-10', 'Saldo inicial Banco'),
(8, 6, 1, 2, '2014-06-15', '2014-06-15', 'Gasolina'),
(8, 7, 1, 1, '2014-07-25', '2014-07-25', 'Pago TELCEL'),
(8, 8, 1, 1, '2014-08-25', '2014-08-25', 'Cobro Factura 13'),
(8, 9, 1, 1, '2014-09-29', '2014-09-29', 'Cobro Factura 17'),
(8, 10, 1, 2, '2014-10-04', '2014-10-04', 'Jose Rogelio Garcia Madrigal'),
(9, 6, 1, 2, '2014-06-17', '2014-06-17', 'Sumitel'),
(9, 7, 1, 2, '2014-07-18', '2014-07-18', 'Iweb'),
(9, 8, 1, 1, '2014-08-22', '2014-08-22', 'Pago impuestos'),
(9, 9, 1, 2, '2014-09-04', '2014-09-04', 'Francisco Gonzalez Ruiz'),
(9, 10, 1, 2, '2014-10-07', '2014-10-07', 'Papeleria'),
(10, 6, 1, 2, '2014-06-22', '2014-06-22', 'Gasolina'),
(10, 7, 1, 2, '2014-07-30', '2014-07-30', 'Radio Shak'),
(10, 8, 1, 2, '2014-08-01', '2014-08-01', 'Gasolina'),
(10, 9, 1, 2, '2014-09-05', '2014-09-05', 'Gasolina'),
(10, 10, 1, 2, '2014-10-07', '2014-10-07', 'Pago papeleria'),
(11, 6, 1, 2, '2014-06-22', '2014-06-22', 'TELCEL'),
(11, 7, 1, 2, '2014-07-31', '2014-07-31', 'Delzor'),
(11, 8, 1, 2, '2014-08-03', '2014-08-03', 'Gasolina'),
(11, 9, 1, 2, '2014-09-08', '2014-09-08', 'Francisco Gonzalez Ruiz'),
(11, 10, 1, 2, '2014-10-13', '2014-10-13', 'TELCEL'),
(12, 6, 1, 2, '2014-06-24', '2014-06-24', 'Pago TELCEL'),
(12, 7, 1, 2, '2014-07-31', '2014-07-31', 'Pago Delzor'),
(12, 8, 1, 2, '2014-08-07', '2014-08-07', 'Ferreperfiles'),
(12, 9, 1, 2, '2014-09-08', '2014-09-08', 'Gasolina'),
(12, 10, 1, 2, '2014-10-14', '2014-10-14', 'Pago Telcel'),
(13, 6, 1, 2, '2014-06-24', '2014-06-24', 'TCFB-3702 RadioShack'),
(13, 7, 1, 2, '2014-07-20', '2014-07-20', 'Pago Impuestos'),
(13, 8, 1, 2, '2014-08-07', '2014-08-07', 'Home Depot'),
(13, 9, 1, 2, '2014-09-09', '2014-09-09', 'Papeleria'),
(13, 10, 1, 2, '2014-10-14', '2014-10-14', 'Papeleria'),
(14, 6, 1, 2, '2014-06-25', '2014-06-25', 'Akky'),
(14, 7, 1, 1, '2014-07-01', '2014-07-01', 'Factura 3'),
(14, 8, 1, 2, '2014-08-08', '2014-08-08', 'Victor Antonio Lemus Mendoza'),
(14, 9, 1, 2, '2014-09-09', '2014-09-09', 'Pago Papeleria'),
(14, 10, 1, 2, '2014-10-20', '2014-10-20', 'Pago Papeleria'),
(15, 6, 1, 2, '2014-06-25', '2014-06-25', 'Pago Akky'),
(15, 7, 1, 1, '2014-07-01', '2014-07-01', 'Cobro Factura 3'),
(15, 8, 1, 2, '2014-08-09', '2014-08-09', 'Gasolina'),
(15, 9, 1, 2, '2014-09-10', '2014-09-10', 'Akky'),
(15, 10, 1, 3, '2014-10-15', '2014-10-15', 'Disposicion Efectivo'),
(16, 6, 1, 2, '2014-06-28', '2014-06-28', 'Gasolina'),
(16, 7, 1, 1, '2014-07-01', '2014-07-01', 'Factura 4'),
(16, 8, 1, 2, '2014-08-09', '2014-08-09', 'Ultramarinos Azteca'),
(16, 9, 1, 2, '2014-09-12', '2014-09-12', 'TELCEL'),
(16, 10, 1, 2, '2014-10-18', '2014-10-18', 'Gasolina'),
(17, 6, 1, 3, '2014-06-30', '2014-06-30', 'Impuesto'),
(17, 7, 1, 1, '2014-07-01', '2014-07-01', 'Cobro Factura 4'),
(17, 8, 1, 2, '2014-08-11', '2014-08-11', 'Ferreperfiles'),
(17, 9, 1, 2, '2014-09-14', '2014-09-14', 'Pago TELCEL'),
(17, 10, 1, 2, '2014-10-21', '2014-10-21', 'Papeleria'),
(18, 7, 1, 1, '2014-07-01', '2014-07-01', 'Factura 5'),
(18, 8, 1, 2, '2014-08-11', '2014-08-11', 'Landa Landa Luis'),
(18, 9, 1, 2, '2014-09-14', '2014-09-14', 'Gasolina'),
(18, 10, 1, 2, '2014-10-22', '2014-10-22', 'SERGIO ALBERTO CALDERON ACOSTA'),
(19, 7, 1, 1, '2014-07-01', '2014-07-01', 'Cobro Factura 5'),
(19, 8, 1, 2, '2014-08-11', '2014-08-11', 'Home Depot'),
(19, 9, 1, 2, '2014-09-14', '2014-09-14', 'WalMart'),
(20, 7, 1, 1, '2014-07-01', '2014-07-01', 'Factura 6'),
(20, 8, 1, 2, '2014-08-11', '2014-08-11', 'Azulejos y complementos'),
(20, 9, 1, 2, '2014-09-18', '2014-09-18', 'MegaRed'),
(21, 7, 1, 1, '2014-07-01', '2014-07-01', 'Cobro Factura 6'),
(21, 8, 1, 2, '2014-08-11', '2014-08-11', 'Victor Antonio Lemus Mendoza'),
(21, 9, 1, 2, '2014-09-18', '2014-09-18', 'Pago MegaRed'),
(22, 7, 1, 1, '2014-07-10', '2014-07-10', 'Factura 7'),
(22, 8, 1, 2, '2014-08-12', '2014-08-12', 'Papeleria'),
(22, 9, 1, 2, '2014-09-21', '2014-09-21', 'TELCEL'),
(23, 7, 1, 1, '2014-07-10', '2014-07-10', 'Cobro Factura 7'),
(23, 8, 1, 2, '2014-08-12', '2014-08-12', 'Pago Papeleria'),
(23, 9, 1, 2, '2014-09-23', '2014-09-23', 'Pago TELCEL'),
(24, 7, 1, 1, '2014-07-10', '2014-07-10', 'Factura 8'),
(24, 8, 1, 2, '2014-08-12', '2014-08-12', 'Ferreperfiles'),
(24, 9, 1, 2, '2014-09-23', '2014-09-23', 'Papeleria'),
(25, 7, 1, 1, '2014-07-10', '2014-07-10', 'Cobro Factura 8'),
(25, 8, 1, 2, '2014-08-12', '2014-08-12', 'Landa Landa Luis'),
(25, 9, 1, 2, '2014-09-23', '2014-09-23', 'Pago Papeleria'),
(26, 7, 1, 3, '2014-07-31', '2014-07-31', 'Impuestos'),
(26, 8, 1, 2, '2014-08-12', '2014-08-12', 'Home Depot'),
(26, 9, 1, 2, '2014-09-25', '2014-09-25', 'Ferreperfiles'),
(27, 8, 1, 2, '2014-08-12', '2014-08-12', 'TELCEL'),
(27, 9, 1, 2, '2014-09-26', '2014-09-26', 'Waldos'),
(28, 8, 1, 2, '2014-08-14', '2014-08-14', 'PAGO TELCEL'),
(28, 9, 1, 2, '2014-09-17', '2014-09-17', 'Gasolina'),
(29, 8, 1, 2, '2014-08-12', '2014-08-12', 'WalMart'),
(29, 9, 1, 2, '2014-09-30', '2014-09-30', 'NOVINC'),
(30, 8, 1, 2, '2014-08-13', '2014-08-13', 'Azulejos y complementos'),
(30, 9, 1, 2, '2014-09-30', '2014-09-30', 'Papeleria'),
(31, 8, 1, 2, '2014-08-14', '2014-08-14', 'Victor Antonio Lemus Mendoza'),
(31, 9, 1, 2, '2014-09-30', '2014-09-30', 'Pago Papeleria'),
(32, 8, 1, 2, '2014-08-15', '2014-08-15', 'Gasolina'),
(32, 9, 1, 3, '2014-09-30', '2014-09-30', 'Impuesto'),
(33, 8, 1, 2, '2014-08-18', '2014-08-18', 'MegaCable'),
(34, 8, 1, 2, '2014-08-18', '2014-08-18', 'Pago MegaCable'),
(35, 8, 1, 2, '2014-08-19', '2014-08-19', 'Papeleria'),
(36, 8, 1, 2, '2014-08-26', '2014-08-26', 'Pago Papeleria'),
(37, 8, 1, 2, '2014-08-20', '2014-08-20', 'Carbumich'),
(38, 8, 1, 2, '2014-08-20', '2014-08-20', 'Gasolina'),
(39, 8, 1, 1, '2014-08-21', '2014-08-21', 'TELCEL'),
(40, 8, 1, 2, '2014-08-23', '2014-08-23', 'Pago Telcel'),
(41, 8, 1, 2, '2014-08-23', '2014-08-23', 'Coppel'),
(42, 8, 1, 2, '2014-08-27', '2014-08-27', 'Papeleria'),
(43, 8, 1, 2, '2014-08-29', '2014-08-29', 'Pago Papeleria'),
(44, 8, 1, 2, '2014-08-29', '2014-08-29', 'Gasolina'),
(45, 8, 1, 2, '2014-08-30', '2014-08-30', 'Delzon'),
(46, 8, 1, 2, '2014-08-30', '2014-08-30', 'Pago Delzo'),
(47, 8, 1, 2, '2014-08-31', '2014-08-31', 'DeGarcia'),
(48, 8, 1, 3, '2014-08-31', '2014-08-31', 'Impuestos');

-- --------------------------------------------------------

--
-- Estructura de tabla para la tabla `proveedores`
--

CREATE TABLE IF NOT EXISTS `proveedores` (
  `id_proveedor` int(11) NOT NULL,
  `id_empresa` int(11) NOT NULL,
  `rfc` varchar(15) NOT NULL,
  `nombre` varchar(128) NOT NULL,
  `calle` varchar(256) NOT NULL,
  `cp` varchar(5) NOT NULL,
  `colonia` varchar(64) NOT NULL,
  `estado` varchar(64) NOT NULL,
  `municipio` varchar(64) NOT NULL,
  `pais` varchar(64) NOT NULL
) ENGINE=MyISAM AUTO_INCREMENT=8 DEFAULT CHARSET=latin1;

--
-- Volcado de datos para la tabla `proveedores`
--

INSERT INTO `proveedores` (`id_proveedor`, `id_empresa`, `rfc`, `nombre`, `calle`, `cp`, `colonia`, `estado`, `municipio`, `pais`) VALUES
(1, 1, 'SSS961224366', 'SUPER SERVICIO SANTA MONICA S.A. DE C.V.', 'CALZADA LA HUERTA #200', '58190', 'NUEVA VALLADOLID', 'Michoacán', 'MORELIA', 'México'),
(2, 1, 'WDM990126350', 'WALDOS DOLAR MART DE MEXICO, S. DE R.L. DE C.V.', 'PASEO CUCAPAH #16822', '22210', 'EL LAGO', 'BAJA CALIFORNIA', 'TIJUANA', 'MEXICO'),
(3, 1, 'NGD120627NS9', 'NOVINC GDL, S.A. DE C.V.', 'TLAHUAC #197', '45050', 'CIUDAD DEL SOL', 'JALISCO', 'ZAPOPAN', 'MEXICO'),
(4, 1, 'NIC021002MQ6', 'NETWORK INFORMATION CENTER MEXICO SC', 'Ave. Eugenio Garza Sada #427', '64840', 'Col. Altavista', 'Nuevo León', 'Monterrey', 'México'),
(5, 1, 'SPA86011021A', 'SUPER PAPELERA, S.A. DE C.V.', 'ZUMPANGO #131', '54030', 'LA ROMANA', 'ESTADO DE MEXICO', 'TLALNEPANTLA DE BAZ', 'MEXICO'),
(6, 1, 'SET0912148T6', 'SERVICIO Y EQUIPO EN TELEFONIA INTERNET Y TV, S.A. DE C.V.', 'AV. LAZARO CARDENAS #1694 #', '44900', 'DEL FRESNO', 'JALISCO', 'GUADALAJARA', 'MEXICO'),
(7, 1, 'GORF7103285Q0', 'FRANCISCO GONZALEZ RUIZ', 'AV. MADERO PONIENTE #3600', '58189', 'VICENTE GUERRERO', 'MICHOACAN', 'MORELIA', 'MEXICO');

-- --------------------------------------------------------

--
-- Estructura de tabla para la tabla `regimenes`
--

CREATE TABLE IF NOT EXISTS `regimenes` (
  `id_regimen` int(11) NOT NULL,
  `persona` set('fisica','moral') NOT NULL,
  `regimen` varchar(256) NOT NULL
) ENGINE=MyISAM AUTO_INCREMENT=9 DEFAULT CHARSET=latin1;

--
-- Volcado de datos para la tabla `regimenes`
--

INSERT INTO `regimenes` (`id_regimen`, `persona`, `regimen`) VALUES
(1, 'moral', 'Persona Moral'),
(2, 'moral', 'Persona Moral con fines no lucrativos'),
(3, 'moral', 'Persona Moral del Régimen Simplificado'),
(4, 'moral', 'Persona Moral agrícola, ganadera, silvícola y pesquera'),
(5, 'fisica', 'Persona Física con actividades empresariales y profesionales'),
(6, 'fisica', 'Persona Física Régimen de Incorporación'),
(7, 'fisica', 'Persona Física arrendamiento de inmuebles'),
(8, 'fisica', 'Persona Física agrícola, ganadera, silvícola y pesquera');

-- --------------------------------------------------------

--
-- Estructura de tabla para la tabla `rubros`
--

CREATE TABLE IF NOT EXISTS `rubros` (
  `id_rubro` int(11) NOT NULL,
  `id_empresa` int(11) NOT NULL,
  `descripcion` varchar(128) NOT NULL
) ENGINE=MyISAM AUTO_INCREMENT=34 DEFAULT CHARSET=utf8;

--
-- Volcado de datos para la tabla `rubros`
--

INSERT INTO `rubros` (`id_rubro`, `id_empresa`, `descripcion`) VALUES
(1, 1, 'Activo Circulante'),
(2, 1, 'Activo No Circulante'),
(3, 1, 'Pasivo a Corto Plazo'),
(4, 1, 'Pasivo a Largo Plazo'),
(5, 1, 'Capital'),
(6, 1, 'Ventas / Ingresos'),
(7, 1, 'Costo de Ventas'),
(8, 1, 'Gastos Generales'),
(9, 1, 'Otros Ingresos y Gastos'),
(10, 1, 'ISR y PTU'),
(11, 1, 'Caja, Bancos, Inversiones'),
(12, 1, 'Cuentas por cobrar'),
(13, 1, 'Inventarios'),
(14, 1, 'IVA Acreditable'),
(15, 1, 'Activos Fijos'),
(16, 1, 'Otros Activos Circulantes'),
(17, 1, 'Proveedores'),
(18, 1, 'IVA por pagar'),
(19, 1, 'Otros Impuestos por pagar'),
(20, 1, 'Cuentas por pagar'),
(21, 1, 'Otros pasivos'),
(22, 1, 'Capital Social'),
(23, 1, 'Depreciaciones'),
(24, 1, 'Amortizaciones'),
(25, 1, 'ISR por pagar'),
(26, 1, 'ISR por remuneraciones'),
(27, 1, 'Retenciones ISR'),
(28, 1, 'Retenciones IVA'),
(29, 1, 'Costo Social de la Nómina'),
(30, 1, 'Impuesto sobre Nómina'),
(31, 1, 'Crédito Fiscal por Inventarios'),
(32, 1, 'Crédito Fiscal por Sueldos'),
(33, 1, 'Cuentas de Orden');

-- --------------------------------------------------------

--
-- Estructura de tabla para la tabla `sat`
--

CREATE TABLE IF NOT EXISTS `sat` (
  `id_sat` int(11) NOT NULL,
  `codigo` varchar(100) NOT NULL,
  `nombre` varchar(2048) NOT NULL
) ENGINE=MyISAM AUTO_INCREMENT=1076 DEFAULT CHARSET=latin1;

--
-- Volcado de datos para la tabla `sat`
--

INSERT INTO `sat` (`id_sat`, `codigo`, `nombre`) VALUES
(1, '100', 'Activo'),
(2, '100.01', 'Activo  a corto  plazo'),
(3, '101', 'Caja'),
(4, '101.01', 'Caja y efectivo'),
(5, '102', 'Bancos'),
(6, '102.01', 'Bancos nacionales'),
(7, '102.02', 'Bancos extranjeros'),
(8, '103', 'Inversiones'),
(9, '103.01', 'Inversiones temporales'),
(10, '103.02', 'Inversiones en fideicomisos'),
(11, '103.03', 'Otras inversiones'),
(12, '104', 'Otros instrumentos financieros'),
(13, '104.01', 'Otros instrumentos financieros'),
(14, '105', 'Clientes'),
(15, '105.01', 'Clientes nacionales'),
(16, '105.02', 'Clientes extranjeros'),
(17, '105.03', 'Clientes nacionales parte  relacionada'),
(18, '105.04', 'Clientes extranjeros parte  relacionada'),
(19, '106', 'Cuentas y documentos por cobrar a corto  plazo'),
(20, '106.01', 'Cuentas y documentos por cobrar  a corto plazo nacional'),
(21, '106.02', 'Cuentas y documentos por cobrar  a corto plazo extranjero'),
(22, '106.03', 'Cuentas y documentos por cobrar  a corto plazo nacional parte  relacionada'),
(23, '106.04', 'Cuentas y documentos por cobrar  a corto plazo extranjero parte  relacionada'),
(24, '106.05', 'Intereses por cobrar  a corto plazo  nacional'),
(25, '106.06', 'Intereses por cobrar  a corto plazo  extranjero'),
(26, '106.07', 'Intereses por cobrar  a corto plazo  nacional parte  relacionada'),
(27, '106.08', 'Intereses por cobrar  a corto plazo  extranjero parte  relacionada'),
(28, '106.09', 'Otras cuentas y documentos por cobrar  a corto plazo'),
(29, '106.1', 'Otras cuentas y documentos por cobrar  a corto plazo parte  relacionada'),
(30, '107', 'Deudores diversos'),
(31, '107.01', 'Funcionarios y empleados'),
(32, '107.02', 'Socios y accionistas'),
(33, '107.03', 'Partes relacionadas nacionales'),
(34, '107.04', 'Partes relacionadas extranjeros'),
(35, '107.05', 'Otros deudores diversos'),
(36, '108', 'Estimación de cuentas incobrables'),
(37, '108.01', 'Estimación de cuentas incobrables nacional'),
(38, '108.02', 'Estimación de cuentas incobrables extranjero'),
(39, '108.03', 'Estimación de cuentas incobrables nacional parte  relacionada'),
(40, '108.04', 'Estimación de cuentas incobrables extranjero parte  relacionada'),
(41, '109', 'Pagos anticipados'),
(42, '109.01', 'Seguros y fianzas pagados por anticipado nacional'),
(43, '109.02', 'Seguros y fianzas pagados por anticipado extranjero'),
(44, '109.03', 'Seguros y fianzas pagados por anticipado nacional parte  relacionada'),
(45, '109.04', 'Seguros y fianzas pagados por anticipado extranjero parte  relacionada'),
(46, '109.05', 'Rentas pagados por anticipado nacional'),
(47, '109.06', 'Rentas pagados por anticipado extranjero'),
(48, '109.07', 'Rentas pagados por anticipado nacional parte  relacionada'),
(49, '109.08', 'Rentas pagados por anticipado extranjero parte  relacionada'),
(50, '109.09', 'Intereses pagados por anticipado nacional'),
(51, '109.1', 'Intereses pagados por anticipado extranjero'),
(52, '109.11', 'Intereses pagados por anticipado nacional parte  relacionada'),
(53, '109.12', 'Intereses pagados por anticipado extranjero parte  relacionada'),
(54, '109.13', 'Factoraje financiero pagados por anticipado nacional'),
(55, '109.14', 'Factoraje financiero pagados por anticipado extranjero'),
(56, '109.15', 'Factoraje financiero pagados por anticipado nacional parte  relacionada'),
(57, '109.16', 'Factoraje financiero pagados por anticipado extranjero parte  relacionada'),
(58, '109.17', 'Arrendamiento financiero  pagados por anticipado nacional'),
(59, '109.18', 'Arrendamiento financiero  pagados por anticipado extranjero'),
(60, '109.19', 'Arrendamiento financiero  pagados por anticipado nacional parte  relacionada'),
(61, '109.2', 'Arrendamiento financiero  pagados por anticipado extranjero parte  relacionada'),
(62, '109.21', 'Pérdida por deterioro de pagos anticipados'),
(63, '109.22', 'Derechos fiduciarios'),
(64, '109.23', 'Otros pagos anticipados'),
(65, '110', 'Subsidio al empleo por aplicar'),
(66, '110.01', 'Subsidio  al empleo por aplicar'),
(67, '111', 'Crédito al diesel por acreditar'),
(68, '111.01', 'Crédito al diesel por acreditar'),
(69, '112', 'Otros estímulos'),
(70, '112.01', 'Otros estímulos'),
(71, '113', 'Impuestos a favor'),
(72, '113.01', 'IVA a favor'),
(73, '113.02', 'ISR a favor'),
(74, '113.03', 'IETU a favor'),
(75, '113.04', 'IDE a favor'),
(76, '113.05', 'IA a favor'),
(77, '113.06', 'Subsidio  al empleo'),
(78, '113.07', 'Pago de lo indebido'),
(79, '113.08', 'Otros impuestos a favor'),
(80, '114', 'Pagos provisionales'),
(81, '114.01', 'Pagos provisionales de ISR'),
(82, '115', 'Inventario'),
(83, '115.01', 'Inventario'),
(84, '115.02', 'Materia prima y materiales'),
(85, '115.03', 'Producción en proceso'),
(86, '115.04', 'Productos terminados'),
(87, '115.05', 'Mercancías en tránsito'),
(88, '115.06', 'Mercancías en poder  de terceros'),
(89, '115.07', 'Otros'),
(90, '116', 'Estimación de inventarios obsoletos y de lento  movimiento'),
(91, '116.01', 'Estimación de inventarios obsoletos y de lento movimiento'),
(92, '117', 'Obras en proceso de inmuebles'),
(93, '117.01', 'Obras en proceso de inmuebles'),
(94, '118', 'Impuestos acreditables pagados'),
(95, '118.01', 'IVA acreditable pagado'),
(96, '118.02', 'IVA acreditable de importación pagado'),
(97, '118.03', 'IEPS acreditable pagado'),
(98, '118.04', 'IEPS pagado en importación'),
(99, '119', 'Impuestos acreditables por pagar'),
(100, '119.01', 'IVA pendiente de pago'),
(101, '119.02', 'IVA de importación pendiente de pago'),
(102, '119.03', 'IEPS pendiente de pago'),
(103, '119.04', 'IEPS pendiente de pago  en importación'),
(104, '120', 'Anticipo  a proveedores'),
(105, '120.01', 'Anticipo a proveedores nacional'),
(106, '120.02', 'Anticipo a proveedores extranjero'),
(107, '120.03', 'Anticipo a proveedores nacional parte  relacionada'),
(108, '120.04', 'Anticipo a proveedores extranjero parte  relacionada'),
(109, '121', 'Otros activos a corto  plazo'),
(110, '121.01', 'Otros activos a corto plazo'),
(111, '100.02', 'Activo  a largo plazo'),
(112, '151', 'Terrenos'),
(113, '151.01', 'Terrenos'),
(114, '152', 'Edificios'),
(115, '152.01', 'Edificios'),
(116, '153', 'Maquinaria y equipo'),
(117, '153.01', 'Maquinaria  y equipo'),
(118, '154', 'Automóviles, autobuses, camiones de carga,  tractocamiones, montacargas y remolques'),
(119, '154.01', 'Automóviles, autobuses, camiones de carga, tractocamiones, montacargas y remolques'),
(120, '155', 'Mobiliario y equipo de oficina'),
(121, '155.01', 'Mobiliario y equipo de oficina'),
(122, '156', 'Equipo  de cómputo'),
(123, '156.01', 'Equipo de cómputo'),
(124, '157', 'Equipo  de comunicación'),
(125, '157.01', 'Equipo de comunicación'),
(126, '158', 'Activos biológicos, vegetales y semovientes'),
(127, '158.01', 'Activos biológicos, vegetales y semovientes'),
(128, '159', 'Obras en proceso de activos fijos'),
(129, '159.01', 'Obras en proceso de activos fijos'),
(130, '160', 'Otros activos fijos'),
(131, '160.01', 'Otros activos fijos'),
(132, '161', 'Ferrocarriles'),
(133, '161.01', 'Ferrocarriles'),
(134, '162', 'Embarcaciones'),
(135, '162.01', 'Embarcaciones'),
(136, '163', 'Aviones'),
(137, '163.01', 'Aviones'),
(138, '164', 'Troqueles, moldes, matrices y herramental'),
(139, '164.01', 'Troqueles, moldes, matrices y herramental'),
(140, '165', 'Equipo  de comunicaciones telefónicas'),
(141, '165.01', 'Equipo de comunicaciones telefónicas'),
(142, '166', 'Equipo  de comunicación satelital'),
(143, '166.01', 'Equipo de comunicación satelital'),
(144, '167', 'Equipo  de adaptaciones para personas con  capacidades diferentes'),
(145, '167.01', 'Equipo de adaptaciones para  personas con capacidades diferentes'),
(146, '168', 'Maquinaria y equipo de generación de energía de fuentes renovables o de sistemas de cogeneración de electricidad eficiente'),
(147, '168.01', 'Maquinaria  y equipo de generación de energía de fuentes renovables o de sistemas de cogeneración de electricidad eficiente'),
(148, '169', 'Otra maquinaria  y equipo'),
(149, '169.01', 'Otra maquinaria y equipo'),
(150, '170', 'Adaptaciones y mejoras'),
(151, '170.01', 'Adaptaciones y mejoras'),
(152, '171', 'Depreciación acumulada de activos fijos'),
(153, '171.01', 'Depreciación acumulada de edificios'),
(154, '171.02', 'Depreciación acumulada de maquinaria y equipo'),
(155, '171.03', 'Depreciación acumulada de automóviles, autobuses, camiones de carga, tractocamiones, montacargas y remolques'),
(156, '171.04', 'Depreciación acumulada de mobiliario y equipo de oficina'),
(157, '171.05', 'Depreciación acumulada de equipo de cómputo'),
(158, '171.06', 'Depreciación acumulada de equipo de comunicación'),
(159, '171.07', 'Depreciación acumulada de activos biológicos,  vegetales y semovientes'),
(160, '171.08', 'Depreciación acumulada de otros activos  fijos'),
(161, '171.09', 'Depreciación acumulada de ferrocarriles'),
(162, '171.1', 'Depreciación acumulada de embarcaciones'),
(163, '171.11', 'Depreciación acumulada de aviones'),
(164, '171.12', 'Depreciación acumulada de troqueles, moldes, matrices y herramental'),
(165, '171.13', 'Depreciación acumulada de equipo de comunicaciones telefónicas'),
(166, '171.14', 'Depreciación acumulada de equipo de comunicación satelital'),
(167, '171.15', 'Depreciación acumulada de equipo de adaptaciones para  personas con capacidades diferentes'),
(168, '171.16', 'Depreciación acumulada de maquinaria y equipo  de generación de energía de fuentes renovables o de sistemas de cogeneración de electricidad eficiente'),
(169, '171.17', 'Depreciación acumulada de adaptaciones y mejoras'),
(170, '171.18', 'Depreciación acumulada de otra maquinaria y equipo'),
(171, '172', 'Pérdida  por deterioro acumulado de activos fijos'),
(172, '172.01', 'Pérdida por deterioro acumulado de edificios'),
(173, '172.02', 'Pérdida por deterioro acumulado de maquinaria y equipo'),
(174, '172.03', 'Pérdida por deterioro acumulado de automóviles, autobuses, camiones de carga, tractocamiones, montacargas y remolques'),
(175, '172.04', 'Pérdida por deterioro acumulado de mobiliario y equipo  de oficina'),
(176, '172.05', 'Pérdida por deterioro acumulado de equipo de cómputo'),
(177, '172.06', 'Pérdida por deterioro acumulado de equipo de comunicación'),
(178, '172.07', 'Pérdida por deterioro acumulado de activos biológicos, vegetales y semovientes'),
(179, '172.08', 'Pérdida por deterioro acumulado de otros activos fijos'),
(180, '172.09', 'Pérdida por deterioro acumulado de ferrocarriles'),
(181, '172.1', 'Pérdida por deterioro acumulado de embarcaciones'),
(182, '172.11', 'Pérdida por deterioro acumulado de aviones'),
(183, '172.12', 'Pérdida por deterioro acumulado de troqueles, moldes, matrices y herramental'),
(184, '172.13', 'Pérdida por deterioro acumulado de equipo de comunicaciones telefónicas'),
(185, '172.14', 'Pérdida por deterioro acumulado de equipo de comunicación satelital'),
(186, '172.15', 'Pérdida por deterioro acumulado de equipo de adaptaciones para  personas con capacidades diferentes'),
(187, '172.16', 'Pérdida por deterioro acumulado de maquinaria y equipo  de generación de energía de fuentes renovables o de sistemas de cogeneración de electricidad eficiente'),
(188, '172.17', 'Pérdida por deterioro acumulado de adaptaciones y mejoras'),
(189, '172.18', 'Pérdida por deterioro acumulado de otra maquinaria y equipo'),
(190, '173', 'Gastos diferidos'),
(191, '173.01', 'Gastos diferidos'),
(192, '174', 'Gastos pre operativos'),
(193, '174.01', 'Gastos pre operativos'),
(194, '175', 'Regalías, asistencia técnica y otros gastos diferidos'),
(195, '175.01', 'Regalías, asistencia técnica y otros gastos diferidos'),
(196, '176', 'Activos intangibles'),
(197, '176.01', 'Activos intangibles'),
(198, '177', 'Gastos de organización'),
(199, '177.01', 'Gastos de organización'),
(200, '178', 'Investigación y desarrollo de mercado'),
(201, '178.01', 'Investigación y desarrollo de mercado'),
(202, '179', 'Marcas y patentes'),
(203, '179.01', 'Marcas y patentes'),
(204, '180', 'Crédito mercantil'),
(205, '180.01', 'Crédito mercantil'),
(206, '181', 'Gastos de instalación'),
(207, '181.01', 'Gastos de instalación'),
(208, '182', 'Otros activos diferidos'),
(209, '182.01', 'Otros activos diferidos'),
(210, '183', 'Amortización acumulada de activos diferidos'),
(211, '183.01', 'Amortización acumulada de gastos diferidos'),
(212, '183.02', 'Amortización acumulada de gastos pre operativos'),
(213, '183.03', 'Amortización acumulada de regalías, asistencia técnica y otros gastos diferidos'),
(214, '183.04', 'Amortización acumulada de activos intangibles'),
(215, '183.05', 'Amortización acumulada de gastos de organización'),
(216, '183.06', 'Amortización acumulada de investigación y desarrollo de mercado'),
(217, '183.07', 'Amortización acumulada de marcas y patentes'),
(218, '183.08', 'Amortización acumulada de crédito mercantil'),
(219, '183.09', 'Amortización acumulada de gastos de instalación'),
(220, '183.1', 'Amortización acumulada de otros activos diferidos'),
(221, '184', 'Depósitos en garantía'),
(222, '184.01', 'Depósitos de fianzas'),
(223, '184.02', 'Depósitos de arrendamiento de bienes inmuebles'),
(224, '184.03', 'Otros depósitos en garantía'),
(225, '185', 'Impuestos diferidos'),
(226, '185.01', 'Impuestos diferidos ISR'),
(227, '186', 'Cuentas y documentos por cobrar a largo plazo'),
(228, '186.01', 'Cuentas y documentos por cobrar  a largo plazo nacional'),
(229, '186.02', 'Cuentas y documentos por cobrar  a largo plazo extranjero'),
(230, '186.03', 'Cuentas y documentos por cobrar  a largo plazo nacional parte  relacionada'),
(231, '186.04', 'Cuentas y documentos por cobrar  a largo plazo extranjero parte  relacionada'),
(232, '186.05', 'Intereses por cobrar  a largo plazo  nacional'),
(233, '186.06', 'Intereses por cobrar  a largo plazo  extranjero'),
(234, '186.07', 'Intereses por cobrar  a largo plazo  nacional parte  relacionada'),
(235, '186.08', 'Intereses por cobrar  a largo plazo  extranjero parte  relacionada'),
(236, '186.09', 'Otras cuentas y documentos por cobrar  a largo plazo'),
(237, '186.1', 'Otras cuentas y documentos por cobrar  a largo plazo parte  relacionada'),
(238, '187', 'Participación de los trabajadores en las utilidades diferidas'),
(239, '187.01', 'Participación de los trabajadores en las utilidades diferidas'),
(240, '188', 'Inversiones permanentes en acciones'),
(241, '188.01', 'Inversiones a largo plazo en subsidiarias'),
(242, '188.02', 'Inversiones a largo plazo en asociadas'),
(243, '188.03', 'Otras inversiones permanentes en acciones'),
(244, '189', 'Estimación por deterioro de inversiones permanentes en acciones'),
(245, '189.01', 'Estimación por deterioro  de inversiones permanentes en acciones'),
(246, '190', 'Otros instrumentos financieros'),
(247, '190.01', 'Otros instrumentos financieros'),
(248, '191', 'Otros activos a largo plazo'),
(249, '191.01', 'Otros activos a largo plazo'),
(250, '200', 'Pasivo'),
(251, '200.01', 'Pasivo a corto  plazo'),
(252, '201', 'Proveedores'),
(253, '201.01', 'Proveedores nacionales'),
(254, '201.02', 'Proveedores extranjeros'),
(255, '201.03', 'Proveedores nacionales parte  relacionada'),
(256, '201.04', 'Proveedores extranjeros parte  relacionada'),
(257, '202', 'Cuentas por pagar a corto  plazo'),
(258, '202.01', 'Documentos por pagar bancario y financiero nacional'),
(259, '202.02', 'Documentos por pagar bancario y financiero extranjero'),
(260, '202.03', 'Documentos y cuentas por pagar a corto plazo nacional'),
(261, '202.04', 'Documentos y cuentas por pagar a corto plazo extranjero'),
(262, '202.05', 'Documentos y cuentas por pagar a corto plazo nacional parte  relacionada'),
(263, '202.06', 'Documentos y cuentas por pagar a corto plazo extranjero parte  relacionada'),
(264, '202.07', 'Intereses por pagar a corto plazo nacional'),
(265, '202.08', 'Intereses por pagar a corto plazo extranjero'),
(266, '202.09', 'Intereses por pagar a corto plazo nacional parte  relacionada'),
(267, '202.1', 'Intereses por pagar a corto plazo extranjero parte  relacionada'),
(268, '202.11', 'Dividendo por pagar nacional'),
(269, '202.12', 'Dividendo por pagar extranjero'),
(270, '203', 'Cobros anticipados a corto  plazo'),
(271, '203.01', 'Rentas cobradas por anticipado a corto plazo nacional'),
(272, '203.02', 'Rentas cobradas por anticipado a corto plazo extranjero'),
(273, '203.03', 'Rentas cobradas por anticipado a corto plazo nacional parte  relacionada'),
(274, '203.04', 'Rentas cobradas por anticipado a corto plazo extranjero parte  relacionada'),
(275, '203.05', 'Intereses cobrados por anticipado a corto plazo nacional'),
(276, '203.06', 'Intereses cobrados por anticipado a corto plazo extranjero'),
(277, '203.07', 'Intereses cobrados por anticipado a corto plazo nacional parte  relacionada'),
(278, '203.08', 'Intereses cobrados por anticipado a corto plazo extranjero parte  relacionada'),
(279, '203.09', 'Factoraje financiero cobrados por anticipado a corto plazo nacional'),
(280, '203.1', 'Factoraje financiero cobrados por anticipado a corto plazo extranjero'),
(281, '203.11', 'Factoraje financiero cobrados por anticipado a corto plazo nacional parte  relacionada'),
(282, '203.12', 'Factoraje financiero cobrados por anticipado a corto plazo extranjero parte  relacionada'),
(283, '203.13', 'Arrendamiento financiero  cobrados por anticipado a corto plazo nacional'),
(284, '203.14', 'Arrendamiento financiero  cobrados por anticipado a corto plazo extranjero'),
(285, '203.15', 'Arrendamiento financiero  cobrados por anticipado a corto plazo nacional parte  relacionada'),
(286, '203.16', 'Arrendamiento financiero  cobrados por anticipado a corto plazo extranjero parte  relacionada'),
(287, '203.17', 'Derechos fiduciarios'),
(288, '203.18', 'Otros cobros anticipados'),
(289, '204', 'Instrumentos financieros a corto  plazo'),
(290, '204.01', 'Instrumentos financieros a corto plazo'),
(291, '205', 'Acreedores diversos a corto  plazo'),
(292, '205.01', 'Socios, accionistas o representante legal'),
(293, '205.02', 'Acreedores diversos a corto plazo nacional'),
(294, '205.03', 'Acreedores diversos a corto plazo extranjero'),
(295, '205.04', 'Acreedores diversos a corto plazo nacional parte  relacionada'),
(296, '205.05', 'Acreedores diversos a corto plazo extranjero parte  relacionada'),
(297, '205.06', 'Otros acreedores diversos a corto plazo'),
(298, '206', 'Anticipo  de cliente'),
(299, '206.01', 'Anticipo de cliente nacional'),
(300, '206.02', 'Anticipo de cliente extranjero'),
(301, '206.03', 'Anticipo de cliente nacional parte  relacionada'),
(302, '206.04', 'Anticipo de cliente extranjero parte  relacionada'),
(303, '206.05', 'Otros anticipos de clientes'),
(304, '207', 'Impuestos trasladados'),
(305, '207.01', 'IVA trasladado'),
(306, '207.02', 'IEPS trasladado'),
(307, '208', 'Impuestos trasladados cobrados'),
(308, '208.01', 'IVA trasladado cobrado'),
(309, '208.02', 'IEPS trasladado cobrado'),
(310, '209', 'Impuestos trasladados no cobrados'),
(311, '209.01', 'IVA trasladado no cobrado'),
(312, '209.02', 'IEPS trasladado no cobrado'),
(313, '210', 'Provisión de sueldos y salarios por pagar'),
(314, '210.01', 'Provisión  de sueldos y salarios por pagar'),
(315, '210.02', 'Provisión  de vacaciones por pagar'),
(316, '210.03', 'Provisión  de aguinaldo por pagar'),
(317, '210.04', 'Provisión  de fondo de ahorro  por pagar'),
(318, '210.05', 'Provisión  de asimilados a salarios por pagar'),
(319, '210.06', 'Provisión  de anticipos o remanentes por distribuir'),
(320, '210.07', 'Provisión  de otros sueldos y salarios por pagar'),
(321, '211', 'Provisión de contribuciones de seguridad social por pagar'),
(322, '211.01', 'Provisión  de IMSS patronal por pagar'),
(323, '211.02', 'Provisión  de SAR por pagar'),
(324, '211.03', 'Provisión  de infonavit por pagar'),
(325, '212', 'Provisión de impuesto estatal sobre nómina por pagar'),
(326, '212.01', 'Provisión  de impuesto estatal sobre nómina  por pagar'),
(327, '213', 'Impuestos y derechos por pagar'),
(328, '213.01', 'IVA por pagar'),
(329, '213.02', 'IEPS por pagar'),
(330, '213.03', 'ISR por pagar'),
(331, '213.04', 'Impuesto estatal sobre nómina por pagar'),
(332, '213.05', 'Impuesto estatal y municipal por pagar'),
(333, '213.06', 'Derechos por pagar'),
(334, '213.07', 'Otros impuestos por pagar'),
(335, '214', 'Dividendos por pagar'),
(336, '214.01', 'Dividendos por pagar'),
(337, '215', 'PTU por pagar'),
(338, '215.01', 'PTU por pagar'),
(339, '215.02', 'PTU por pagar de ejercicios anteriores'),
(340, '215.03', 'Provisión  de PTU por pagar'),
(341, '216', 'Impuestos retenidos'),
(342, '216.01', 'Impuestos retenidos de ISR por sueldos y salarios'),
(343, '216.02', 'Impuestos retenidos de ISR por asimilados a salarios'),
(344, '216.03', 'Impuestos retenidos de ISR por arrendamiento'),
(345, '216.04', 'Impuestos retenidos de ISR por servicios profesionales'),
(346, '216.05', 'Impuestos retenidos de ISR por dividendos'),
(347, '216.06', 'Impuestos retenidos de ISR por intereses'),
(348, '216.07', 'Impuestos retenidos de ISR por pagos al extranjero'),
(349, '216.08', 'Impuestos retenidos de ISR por venta  de acciones'),
(350, '216.09', 'Impuestos retenidos de ISR por venta  de partes sociales'),
(351, '216.10', 'Impuestos retenidos de IVA'),
(352, '216.11', 'Retenciones de IMSS a los trabajadores'),
(353, '216.12', 'Otras impuestos retenidos'),
(354, '217', 'Pagos realizados por cuenta de terceros'),
(355, '217.01', 'Pagos realizados por cuenta de terceros'),
(356, '218', 'Otros pasivos a corto  plazo'),
(357, '218.01', 'Otros pasivos a corto plazo'),
(358, '200.02', 'Pasivo a largo plazo'),
(359, '251', 'Acreedores diversos a largo plazo'),
(360, '251.01', 'Socios, accionistas o representante legal'),
(361, '251.02', 'Acreedores diversos a largo plazo nacional'),
(362, '251.03', 'Acreedores diversos a largo plazo extranjero'),
(363, '251.04', 'Acreedores diversos a largo plazo nacional parte  relacionada'),
(364, '251.05', 'Acreedores diversos a largo plazo extranjero parte  relacionada'),
(365, '251.06', 'Otros acreedores diversos a largo plazo'),
(366, '252', 'Cuentas por pagar a largo plazo'),
(367, '252.01', 'Documentos bancarios y financieros por pagar a largo plazo nacional'),
(368, '252.02', 'Documentos bancarios y financieros por pagar a largo plazo extranjero'),
(369, '252.03', 'Documentos y cuentas por pagar a largo plazo nacional'),
(370, '252.04', 'Documentos y cuentas por pagar a largo plazo extranjero'),
(371, '252.05', 'Documentos y cuentas por pagar a largo plazo nacional parte  relacionada'),
(372, '252.06', 'Documentos y cuentas por pagar a largo plazo extranjero parte  relacionada'),
(373, '252.07', 'Hipotecas por pagar a largo plazo nacional'),
(374, '252.08', 'Hipotecas por pagar a largo plazo extranjero'),
(375, '252.09', 'Hipotecas por pagar a largo plazo nacional parte  relacionada'),
(376, '252.1', 'Hipotecas por pagar a largo plazo extranjero parte  relacionada'),
(377, '252.11', 'Intereses por pagar a largo plazo nacional'),
(378, '252.12', 'Intereses por pagar a largo plazo extranjero'),
(379, '252.13', 'Intereses por pagar a largo plazo nacional parte  relacionada'),
(380, '252.14', 'Intereses por pagar a largo plazo extranjero parte  relacionada'),
(381, '252.15', 'Dividendos por pagar nacionales'),
(382, '252.16', 'Dividendos por pagar extranjeros'),
(383, '252.17', 'Otras cuentas y documentos por pagar a largo plazo'),
(384, '253', 'Cobros anticipados a largo plazo'),
(385, '253.01', 'Rentas cobradas por anticipado a largo plazo nacional'),
(386, '253.02', 'Rentas cobradas por anticipado a largo plazo extranjero'),
(387, '253.03', 'Rentas cobradas por anticipado a largo plazo nacional parte  relacionada'),
(388, '253.04', 'Rentas cobradas por anticipado a largo plazo extranjero parte  relacionada'),
(389, '253.05', 'Intereses cobrados por anticipado a largo plazo nacional'),
(390, '253.06', 'Intereses cobrados por anticipado a largo plazo extranjero'),
(391, '253.07', 'Intereses cobrados por anticipado a largo plazo nacional parte  relacionada'),
(392, '253.08', 'Intereses cobrados por anticipado a largo plazo extranjero parte  relacionada'),
(393, '253.09', 'Factoraje financiero cobrados por anticipado a largo plazo nacional'),
(394, '253.1', 'Factoraje financiero cobrados por anticipado a largo plazo extranjero'),
(395, '253.11', 'Factoraje financiero cobrados por anticipado a largo plazo nacional parte  relacionada'),
(396, '253.12', 'Factoraje financiero cobrados por anticipado a largo plazo extranjero parte  relacionada'),
(397, '253.13', 'Arrendamiento financiero  cobrados por anticipado a largo plazo nacional'),
(398, '253.14', 'Arrendamiento financiero  cobrados por anticipado a largo plazo extranjero'),
(399, '253.15', 'Arrendamiento financiero  cobrados por anticipado a largo plazo nacional parte  relacionada'),
(400, '253.16', 'Arrendamiento financiero  cobrados por anticipado a largo plazo extranjero parte  relacionada'),
(401, '253.17', 'Derechos fiduciarios'),
(402, '253.18', 'Otros cobros anticipados'),
(403, '254', 'Instrumentos financieros a largo plazo'),
(404, '254.01', 'Instrumentos financieros a largo plazo'),
(405, '255', 'Pasivos por beneficios a los empleados a largo plazo'),
(406, '255.01', 'Pasivos por beneficios a los empleados a largo plazo'),
(407, '256', 'Otros pasivos a largo plazo'),
(408, '256.01', 'Otros pasivos a largo plazo'),
(409, '257', 'Participación de los trabajadores en las utilidades diferida'),
(410, '257.01', 'Participación de los trabajadores en las utilidades diferida'),
(411, '258', 'Obligaciones contraídas de fideicomisos'),
(412, '258.01', 'Obligaciones contraídas de fideicomisos'),
(413, '259', 'Impuestos diferidos'),
(414, '259.01', 'ISR diferido'),
(415, '259.02', 'ISR por dividendo  diferido'),
(416, '259.03', 'Otros impuestos diferidos'),
(417, '260', 'Pasivos diferidos'),
(418, '260.01', 'Pasivos diferidos'),
(419, '300', 'Capital contable'),
(420, '301', 'Capital social'),
(421, '301.01', 'Capital fijo'),
(422, '301.02', 'Capital variable'),
(423, '301.03', 'Aportaciones para  futuros aumentos de capital'),
(424, '301.04', 'Prima en suscripción de acciones'),
(425, '301.05', 'Prima en suscripción de partes sociales'),
(426, '302', 'Patrimonio'),
(427, '302.01', 'Patrimonio'),
(428, '302.02', 'Aportación  patrimonial'),
(429, '302.03', 'Déficit o remanente del ejercicio'),
(430, '303', 'Reserva legal'),
(431, '303.01', 'Reserva legal'),
(432, '304', 'Resultado de ejercicios anteriores'),
(433, '304.01', 'Utilidad de ejercicios anteriores'),
(434, '304.02', 'Pérdida de ejercicios anteriores'),
(435, '304.03', 'Resultado integral de ejercicios anteriores'),
(436, '304.04', 'Déficit o remanente de ejercicio anteriores'),
(437, '305', 'Resultado del ejercicio'),
(438, '305.01', 'Utilidad del ejercicio'),
(439, '305.02', 'Pérdida del ejercicio'),
(440, '305.03', 'Resultado integral'),
(441, '306', 'Otras cuentas de capital'),
(442, '306.01', 'Otras cuentas de capital'),
(443, '400', 'Ingresos'),
(444, '401', 'Ingresos'),
(445, '401.01', 'Ventas y/o servicios gravados a la tasa general'),
(446, '401.02', 'Ventas y/o servicios gravados a la tasa general de contado'),
(447, '401.03', 'Ventas y/o servicios gravados a la tasa general a crédito'),
(448, '401.04', 'Ventas y/o servicios gravados al 0%'),
(449, '401.05', 'Ventas y/o servicios gravados al 0% de contado'),
(450, '401.06', 'Ventas y/o servicios gravados al 0% a crédito'),
(451, '401.07', 'Ventas y/o servicios exentos'),
(452, '401.08', 'Ventas y/o servicios exentos de contado'),
(453, '401.09', 'Ventas y/o servicios exentos a crédito'),
(454, '401.1', 'Ventas y/o servicios gravados a la tasa general nacionales partes relacionadas'),
(455, '401.11', 'Ventas y/o servicios gravados a la tasa general extranjeros partes relacionadas'),
(456, '401.12', 'Ventas y/o servicios gravados al 0% nacionales partes relacionadas'),
(457, '401.13', 'Ventas y/o servicios gravados al 0% extranjeros partes relacionadas'),
(458, '401.14', 'Ventas y/o servicios exentos nacionales partes relacionadas'),
(459, '401.15', 'Ventas y/o servicios exentos extranjeros partes relacionadas'),
(460, '401.16', 'Ingresos por servicios administrativos'),
(461, '401.17', 'Ingresos por servicios administrativos nacionales partes relacionadas'),
(462, '401.18', 'Ingresos por servicios administrativos extranjeros partes relacionadas'),
(463, '401.19', 'Ingresos por servicios profesionales'),
(464, '401.2', 'Ingresos por servicios profesionales nacionales partes relacionadas'),
(465, '401.21', 'Ingresos por servicios profesionales extranjeros partes relacionadas'),
(466, '401.22', 'Ingresos por arrendamiento'),
(467, '401.23', 'Ingresos por arrendamiento nacionales partes relacionadas'),
(468, '401.24', 'Ingresos por arrendamiento extranjeros partes relacionadas'),
(469, '401.25', 'Ingresos por exportación'),
(470, '401.26', 'Ingresos por comisiones'),
(471, '401.27', 'Ingresos por maquila'),
(472, '401.28', 'Ingresos por coordinados'),
(473, '401.29', 'Ingresos por regalías'),
(474, '401.3', 'Ingresos por asistencia técnica'),
(475, '401.31', 'Ingresos por donativos'),
(476, '401.32', 'Ingresos por intereses (actividad  propia)'),
(477, '401.33', 'Ingresos de copropiedad'),
(478, '401.34', 'Ingresos por fideicomisos'),
(479, '401.35', 'Ingresos por factoraje financiero'),
(480, '401.36', 'Ingresos por arrendamiento financiero'),
(481, '401.37', 'Ingresos de extranjeros con establecimiento en el país'),
(482, '401.38', 'Otros ingresos propios'),
(483, '402', 'Devoluciones, descuentos o bonificaciones sobre ingresos'),
(484, '402.01', 'Devoluciones, descuentos o bonificaciones sobre ventas y/o servicios a la tasa general'),
(485, '402.02', 'Devoluciones, descuentos o bonificaciones sobre ventas y/o servicios al 0%'),
(486, '402.03', 'Devoluciones, descuentos o bonificaciones sobre ventas y/o servicios exentos'),
(487, '402.04', 'Devoluciones, descuentos o bonificaciones de otros ingresos'),
(488, '403', 'Otros ingresos'),
(489, '403.01', 'Otros Ingresos'),
(490, '403.02', 'Otros ingresos nacionales parte  relacionada'),
(491, '403.03', 'Otros ingresos extranjeros parte  relacionada'),
(492, '403.04', 'Ingresos por operaciones discontinuas'),
(493, '403.05', 'Ingresos por condonación de adeudo'),
(494, '500', 'Costos'),
(495, '501', 'Costo de venta  y/o servicio'),
(496, '501.01', 'Costo  de venta'),
(497, '501.02', 'Costo  de servicios (Mano de obra)'),
(498, '501.03', 'Materia prima directa  utilizada para  la producción'),
(499, '501.04', 'Materia prima consumida en el proceso productivo'),
(500, '501.05', 'Mano de obra directa consumida'),
(501, '501.06', 'Mano de obra directa'),
(502, '501.07', 'Cargos indirectos de producción'),
(503, '501.08', 'Otros conceptos de costo'),
(504, '502', 'Compras'),
(505, '502.01', 'Compras nacionales'),
(506, '502.02', 'Compras nacionales parte  relacionada'),
(507, '502.03', 'Compras de Importación'),
(508, '502.04', 'Compras de Importación partes relacionadas'),
(509, '503', 'Devoluciones, descuentos o bonificaciones sobre compras'),
(510, '503.01', 'Devoluciones, descuentos o bonificaciones sobre compras'),
(511, '504', 'Otras cuentas de costos'),
(512, '504.01', 'Gastos indirectos de fabricación'),
(513, '504.02', 'Gastos indirectos de fabricación de partes relacionadas nacionales'),
(514, '504.03', 'Gastos indirectos de fabricación de partes relacionadas extranjeras'),
(515, '504.04', 'Otras cuentas de costos incurridos'),
(516, '504.05', 'Otras cuentas de costos incurridos con partes relacionadas nacionales'),
(517, '504.06', 'Otras cuentas de costos incurridos con partes relacionadas extranjeras'),
(518, '504.07', 'Depreciación de edificios'),
(519, '504.08', 'Depreciación de maquinaria y equipo'),
(520, '504.09', 'Depreciación de automóviles, autobuses, camiones de carga, tractocamiones, montacargas y remolques'),
(521, '504.1', 'Depreciación de mobiliario y equipo  de oficina'),
(522, '504.11', 'Depreciación de equipo  de cómputo'),
(523, '504.12', 'Depreciación de equipo  de comunicación'),
(524, '504.13', 'Depreciación de activos biológicos,  vegetales y semovientes'),
(525, '504.14', 'Depreciación de otros activos fijos'),
(526, '504.15', 'Depreciación de ferrocarriles'),
(527, '504.16', 'Depreciación de embarcaciones'),
(528, '504.17', 'Depreciación de aviones'),
(529, '504.18', 'Depreciación de troqueles, moldes, matrices y herramental'),
(530, '504.19', 'Depreciación de equipo  de comunicaciones telefónicas'),
(531, '504.2', 'Depreciación de equipo  de comunicación satelital'),
(532, '504.21', 'Depreciación de equipo  de adaptaciones para  personas con capacidades diferentes'),
(533, '504.22', 'Depreciación de maquinaria y equipo  de generación de energía de fuentes renovables o de sistemas de cogeneración de electricidad eficiente'),
(534, '504.23', 'Depreciación de adaptaciones y mejoras'),
(535, '504.24', 'Depreciación de otra maquinaria y equipo'),
(536, '504.25', 'Otras cuentas de costos'),
(537, '505', 'Costo de activo fijo'),
(538, '505.01', 'Costo  por venta  de activo fijo'),
(539, '505.02', 'Costo  por baja de activo fijo'),
(540, '600', 'Gastos'),
(541, '601', 'Gastos generales'),
(542, '601.01', 'Sueldos y salarios'),
(543, '601.02', 'Compensaciones'),
(544, '601.03', 'Tiempos extras'),
(545, '601.04', 'Premios de asistencia'),
(546, '601.05', 'Premios de puntualidad'),
(547, '601.06', 'Vacaciones'),
(548, '601.07', 'Prima vacacional'),
(549, '601.08', 'Prima dominical'),
(550, '601.09', 'Días festivos'),
(551, '601.1', 'Gratificaciones'),
(552, '601.11', 'Primas de antigüedad'),
(553, '601.12', 'Aguinaldo'),
(554, '601.13', 'Indemnizaciones'),
(555, '601.14', 'Destajo'),
(556, '601.15', 'Despensa'),
(557, '601.16', 'Transporte'),
(558, '601.17', 'Servicio médico'),
(559, '601.18', 'Ayuda en gastos funerarios'),
(560, '601.19', 'Fondo  de ahorro'),
(561, '601.2', 'Cuotas sindicales'),
(562, '601.21', 'PTU'),
(563, '601.22', 'Estímulo al personal'),
(564, '601.23', 'Previsión  social'),
(565, '601.24', 'Aportaciones para  el plan de jubilación'),
(566, '601.25', 'Otras prestaciones al personal'),
(567, '601.26', 'Cuotas al IMSS'),
(568, '601.27', 'Aportaciones al infonavit'),
(569, '601.28', 'Aportaciones al SAR'),
(570, '601.29', 'Impuesto estatal sobre nóminas'),
(571, '601.3', 'Otras aportaciones'),
(572, '601.31', 'Asimilados a salarios'),
(573, '601.32', 'Servicios administrativos'),
(574, '601.33', 'Servicios administrativos partes relacionadas'),
(575, '601.34', 'Honorarios a personas físicas residentes nacionales'),
(576, '601.35', 'Honorarios a personas físicas residentes nacionales partes relacionadas'),
(577, '601.36', 'Honorarios a personas físicas residentes del extranjero'),
(578, '601.37', 'Honorarios a personas físicas residentes del extranjero partes relacionadas'),
(579, '601.38', 'Honorarios a personas morales residentes nacionales'),
(580, '601.39', 'Honorarios a personas morales residentes nacionales partes relacionadas'),
(581, '601.4', 'Honorarios a personas morales residentes del extranjero'),
(582, '601.41', 'Honorarios a personas morales residentes del extranjero partes relacionadas'),
(583, '601.42', 'Honorarios aduanales personas físicas'),
(584, '601.43', 'Honorarios aduanales personas morales'),
(585, '601.44', 'Honorarios al consejo de administración'),
(586, '601.45', 'Arrendamiento a personas físicas residentes nacionales'),
(587, '601.46', 'Arrendamiento a personas morales residentes nacionales'),
(588, '601.47', 'Arrendamiento a residentes del extranjero'),
(589, '601.48', 'Combustibles y lubricantes'),
(590, '601.49', 'Viáticos y gastos de viaje'),
(591, '601.5', 'Teléfono,  internet'),
(592, '601.51', 'Agua'),
(593, '601.52', 'Energía eléctrica'),
(594, '601.53', 'Vigilancia y seguridad'),
(595, '601.54', 'Limpieza'),
(596, '601.55', 'Papelería y artículos  de oficina'),
(597, '601.56', 'Mantenimiento y conservación'),
(598, '601.57', 'Seguros y fianzas'),
(599, '601.58', 'Otros impuestos y derechos'),
(600, '601.59', 'Recargos fiscales'),
(601, '601.6', 'Cuotas y suscripciones'),
(602, '601.61', 'Propaganda y publicidad'),
(603, '601.62', 'Capacitación al personal'),
(604, '601.63', 'Donativos y ayudas'),
(605, '601.64', 'Asistencia técnica'),
(606, '601.65', 'Regalías sujetas a otros porcentajes'),
(607, '601.66', 'Regalías sujetas al 5%'),
(608, '601.67', 'Regalías sujetas al 10%'),
(609, '601.68', 'Regalías sujetas al 15%'),
(610, '601.69', 'Regalías sujetas al 25%'),
(611, '601.7', 'Regalías sujetas al 30%'),
(612, '601.71', 'Regalías sin retención'),
(613, '601.72', 'Fletes y acarreos'),
(614, '601.73', 'Gastos de importación'),
(615, '601.74', 'Comisiones sobre ventas'),
(616, '601.75', 'Comisiones por tarjetas de crédito'),
(617, '601.76', 'Patentes y marcas'),
(618, '601.77', 'Uniformes'),
(619, '601.78', 'Prediales'),
(620, '601.79', 'Gastos generales de urbanización'),
(621, '601.8', 'Gastos generales de construcción'),
(622, '601.81', 'Fletes del extranjero'),
(623, '601.82', 'Recolección de bienes del sector agropecuario y/o ganadero'),
(624, '601.83', 'Gastos no deducibles (sin requisitos fiscales)'),
(625, '601.84', 'Otros gastos generales'),
(626, '602', 'Gastos de venta'),
(627, '602.01', 'Sueldos y salarios'),
(628, '602.02', 'Compensaciones'),
(629, '602.03', 'Tiempos extras'),
(630, '602.04', 'Premios de asistencia'),
(631, '602.05', 'Premios de puntualidad'),
(632, '602.06', 'Vacaciones'),
(633, '602.07', 'Prima vacacional'),
(634, '602.08', 'Prima dominical'),
(635, '602.09', 'Días festivos'),
(636, '602.1', 'Gratificaciones'),
(637, '602.11', 'Primas de antigüedad'),
(638, '602.12', 'Aguinaldo'),
(639, '602.13', 'Indemnizaciones'),
(640, '602.14', 'Destajo'),
(641, '602.15', 'Despensa'),
(642, '602.16', 'Transporte'),
(643, '602.17', 'Servicio médico'),
(644, '602.18', 'Ayuda en gastos funerarios'),
(645, '602.19', 'Fondo  de ahorro'),
(646, '602.2', 'Cuotas sindicales'),
(647, '602.21', 'PTU'),
(648, '602.22', 'Estímulo al personal'),
(649, '602.23', 'Previsión  social'),
(650, '602.24', 'Aportaciones para  el plan de jubilación'),
(651, '602.25', 'Otras prestaciones al personal'),
(652, '602.26', 'Cuotas al IMSS'),
(653, '602.27', 'Aportaciones al infonavit'),
(654, '602.28', 'Aportaciones al SAR'),
(655, '602.29', 'Impuesto estatal sobre nóminas'),
(656, '602.3', 'Otras aportaciones'),
(657, '602.31', 'Asimilados a salarios'),
(658, '602.32', 'Servicios administrativos'),
(659, '602.33', 'Servicios administrativos partes relacionadas'),
(660, '602.34', 'Honorarios a personas físicas residentes nacionales'),
(661, '602.35', 'Honorarios a personas físicas residentes nacionales partes relacionadas'),
(662, '602.36', 'Honorarios a personas físicas residentes del extranjero'),
(663, '602.37', 'Honorarios a personas físicas residentes del extranjero partes relacionadas'),
(664, '602.38', 'Honorarios a personas morales residentes nacionales'),
(665, '602.39', 'Honorarios a personas morales residentes nacionales partes relacionadas'),
(666, '602.4', 'Honorarios a personas morales residentes del extranjero'),
(667, '602.41', 'Honorarios a personas morales residentes del extranjero partes relacionadas'),
(668, '602.42', 'Honorarios aduanales personas físicas'),
(669, '602.43', 'Honorarios aduanales personas morales'),
(670, '602.44', 'Honorarios al consejo de administración'),
(671, '602.45', 'Arrendamiento a personas físicas residentes nacionales'),
(672, '602.46', 'Arrendamiento a personas morales residentes nacionales'),
(673, '602.47', 'Arrendamiento a residentes del extranjero'),
(674, '602.48', 'Combustibles y lubricantes'),
(675, '602.49', 'Viáticos y gastos de viaje'),
(676, '602.5', 'Teléfono,  internet'),
(677, '602.51', 'Agua'),
(678, '602.52', 'Energía eléctrica'),
(679, '602.53', 'Vigilancia y seguridad'),
(680, '602.54', 'Limpieza'),
(681, '602.55', 'Papelería y artículos  de oficina'),
(682, '602.56', 'Mantenimiento y conservación'),
(683, '602.57', 'Seguros y fianzas'),
(684, '602.58', 'Otros impuestos y derechos'),
(685, '602.59', 'Recargos fiscales'),
(686, '602.6', 'Cuotas y suscripciones'),
(687, '602.61', 'Propaganda y publicidad'),
(688, '602.62', 'Capacitación al personal'),
(689, '602.63', 'Donativos y ayudas'),
(690, '602.64', 'Asistencia técnica'),
(691, '602.65', 'Regalías sujetas a otros porcentajes'),
(692, '602.66', 'Regalías sujetas al 5%'),
(693, '602.67', 'Regalías sujetas al 10%'),
(694, '602.68', 'Regalías sujetas al 15%'),
(695, '602.69', 'Regalías sujetas al 25%'),
(696, '602.7', 'Regalías sujetas al 30%'),
(697, '602.71', 'Regalías sin retención'),
(698, '602.72', 'Fletes y acarreos'),
(699, '602.73', 'Gastos de importación'),
(700, '602.74', 'Comisiones sobre ventas'),
(701, '602.75', 'Comisiones por tarjetas de crédito'),
(702, '602.76', 'Patentes y marcas'),
(703, '602.77', 'Uniformes'),
(704, '602.78', 'Prediales'),
(705, '602.79', 'Gastos de venta  de urbanización'),
(706, '602.8', 'Gastos de venta  de construcción'),
(707, '602.81', 'Fletes del extranjero'),
(708, '602.82', 'Recolección de bienes del sector agropecuario y/o ganadero'),
(709, '602.83', 'Gastos no deducibles (sin requisitos fiscales)'),
(710, '602.84', 'Otros gastos de venta'),
(711, '603', 'Gastos de administración'),
(712, '603.01', 'Sueldos y salarios'),
(713, '603.02', 'Compensaciones'),
(714, '603.03', 'Tiempos extras'),
(715, '603.04', 'Premios de asistencia'),
(716, '603.05', 'Premios de puntualidad'),
(717, '603.06', 'Vacaciones'),
(718, '603.07', 'Prima vacacional'),
(719, '603.08', 'Prima dominical'),
(720, '603.09', 'Días festivos'),
(721, '603.1', 'Gratificaciones'),
(722, '603.11', 'Primas de antigüedad'),
(723, '603.12', 'Aguinaldo'),
(724, '603.13', 'Indemnizaciones'),
(725, '603.14', 'Destajo'),
(726, '603.15', 'Despensa'),
(727, '603.16', 'Transporte'),
(728, '603.17', 'Servicio médico'),
(729, '603.18', 'Ayuda en gastos funerarios'),
(730, '603.19', 'Fondo  de ahorro'),
(731, '603.2', 'Cuotas sindicales'),
(732, '603.21', 'PTU'),
(733, '603.22', 'Estímulo al personal'),
(734, '603.23', 'Previsión  social'),
(735, '603.24', 'Aportaciones para  el plan de jubilación'),
(736, '603.25', 'Otras prestaciones al personal'),
(737, '603.26', 'Cuotas al IMSS'),
(738, '603.27', 'Aportaciones al infonavit'),
(739, '603.28', 'Aportaciones al SAR'),
(740, '603.29', 'Impuesto estatal sobre nóminas'),
(741, '603.3', 'Otras aportaciones'),
(742, '603.31', 'Asimilados a salarios'),
(743, '603.32', 'Servicios administrativos'),
(744, '603.33', 'Servicios administrativos partes relacionadas'),
(745, '603.34', 'Honorarios a personas físicas residentes nacionales'),
(746, '603.35', 'Honorarios a personas físicas residentes nacionales partes relacionadas'),
(747, '603.36', 'Honorarios a personas físicas residentes del extranjero'),
(748, '603.37', 'Honorarios a personas físicas residentes del extranjero partes relacionadas'),
(749, '603.38', 'Honorarios a personas morales residentes nacionales'),
(750, '603.39', 'Honorarios a personas morales residentes nacionales partes relacionadas'),
(751, '603.4', 'Honorarios a personas morales residentes del extranjero'),
(752, '603.41', 'Honorarios a personas morales residentes del extranjero partes relacionadas'),
(753, '603.42', 'Honorarios aduanales personas físicas'),
(754, '603.43', 'Honorarios aduanales personas morales'),
(755, '603.44', 'Honorarios al consejo de administración'),
(756, '603.45', 'Arrendamiento a personas físicas residentes nacionales'),
(757, '603.46', 'Arrendamiento a personas morales residentes nacionales'),
(758, '603.47', 'Arrendamiento a residentes del extranjero'),
(759, '603.48', 'Combustibles y lubricantes'),
(760, '603.49', 'Viáticos y gastos de viaje'),
(761, '603.5', 'Teléfono,  internet'),
(762, '603.51', 'Agua'),
(763, '603.52', 'Energía eléctrica'),
(764, '603.53', 'Vigilancia y seguridad'),
(765, '603.54', 'Limpieza'),
(766, '603.55', 'Papelería y artículos  de oficina'),
(767, '603.56', 'Mantenimiento y conservación'),
(768, '603.57', 'Seguros y fianzas'),
(769, '603.58', 'Otros impuestos y derechos'),
(770, '603.59', 'Recargos fiscales'),
(771, '603.6', 'Cuotas y suscripciones'),
(772, '603.61', 'Propaganda y publicidad'),
(773, '603.62', 'Capacitación al personal'),
(774, '603.63', 'Donativos y ayudas'),
(775, '603.64', 'Asistencia técnica'),
(776, '603.65', 'Regalías sujetas a otros porcentajes'),
(777, '603.66', 'Regalías sujetas al 5%'),
(778, '603.67', 'Regalías sujetas al 10%'),
(779, '603.68', 'Regalías sujetas al 15%'),
(780, '603.69', 'Regalías sujetas al 25%'),
(781, '603.7', 'Regalías sujetas al 30%'),
(782, '603.71', 'Regalías sin retención'),
(783, '603.72', 'Fletes y acarreos'),
(784, '603.73', 'Gastos de importación'),
(785, '603.74', 'Patentes y marcas'),
(786, '603.75', 'Uniformes'),
(787, '603.76', 'Prediales'),
(788, '603.77', 'Gastos de administración de urbanización'),
(789, '603.78', 'Gastos de administración de construcción'),
(790, '603.79', 'Fletes del extranjero'),
(791, '603.8', 'Recolección de bienes del sector agropecuario y/o ganadero'),
(792, '603.81', 'Gastos no deducibles (sin requisitos fiscales)'),
(793, '603.82', 'Otros gastos de administración'),
(794, '604', 'Gastos de fabricación'),
(795, '604.01', 'Sueldos y salarios'),
(796, '604.02', 'Compensaciones'),
(797, '604.03', 'Tiempos extras'),
(798, '604.04', 'Premios de asistencia'),
(799, '604.05', 'Premios de puntualidad'),
(800, '604.06', 'Vacaciones'),
(801, '604.07', 'Prima vacacional'),
(802, '604.08', 'Prima dominical'),
(803, '604.09', 'Días festivos'),
(804, '604.1', 'Gratificaciones'),
(805, '604.11', 'Primas de antigüedad'),
(806, '604.12', 'Aguinaldo'),
(807, '604.13', 'Indemnizaciones'),
(808, '604.14', 'Destajo'),
(809, '604.15', 'Despensa'),
(810, '604.16', 'Transporte'),
(811, '604.17', 'Servicio médico'),
(812, '604.18', 'Ayuda en gastos funerarios'),
(813, '604.19', 'Fondo  de ahorro'),
(814, '604.2', 'Cuotas sindicales'),
(815, '604.21', 'PTU'),
(816, '604.22', 'Estímulo al personal'),
(817, '604.23', 'Previsión  social'),
(818, '604.24', 'Aportaciones para  el plan de jubilación'),
(819, '604.25', 'Otras prestaciones al personal'),
(820, '604.26', 'Cuotas al IMSS'),
(821, '604.27', 'Aportaciones al infonavit'),
(822, '604.28', 'Aportaciones al SAR'),
(823, '604.29', 'Impuesto estatal sobre nóminas'),
(824, '604.3', 'Otras aportaciones'),
(825, '604.31', 'Asimilados a salarios'),
(826, '604.32', 'Servicios administrativos'),
(827, '604.33', 'Servicios administrativos partes relacionadas'),
(828, '604.34', 'Honorarios a personas físicas  residentes nacionales'),
(829, '604.35', 'Honorarios a personas físicas residentes nacionales partes relacionadas'),
(830, '604.36', 'Honorarios a personas físicas residentes del extranjero'),
(831, '604.37', 'Honorarios a personas físicas residentes del extranjero partes relacionadas'),
(832, '604.38', 'Honorarios a personas morales residentes nacionales'),
(833, '604.39', 'Honorarios a personas morales residentes nacionales partes relacionadas'),
(834, '604.4', 'Honorarios a personas morales residentes del extranjero'),
(835, '604.41', 'Honorarios a personas morales residentes del extranjero partes relacionadas'),
(836, '604.42', 'Honorarios aduanales personas físicas'),
(837, '604.43', 'Honorarios aduanales personas morales'),
(838, '604.44', 'Honorarios al consejo de administración'),
(839, '604.45', 'Arrendamiento a personas físicas residentes nacionales'),
(840, '604.46', 'Arrendamiento a personas morales residentes nacionales'),
(841, '604.47', 'Arrendamiento a residentes del extranjero'),
(842, '604.48', 'Combustibles y lubricantes'),
(843, '604.49', 'Viáticos y gastos de viaje'),
(844, '604.5', 'Teléfono,  internet'),
(845, '604.51', 'Agua'),
(846, '604.52', 'Energía eléctrica'),
(847, '604.53', 'Vigilancia y seguridad'),
(848, '604.54', 'Limpieza'),
(849, '604.55', 'Papelería y artículos  de oficina'),
(850, '604.56', 'Mantenimiento y conservación'),
(851, '604.57', 'Seguros y fianzas'),
(852, '604.58', 'Otros impuestos y derechos'),
(853, '604.59', 'Recargos fiscales'),
(854, '604.6', 'Cuotas y suscripciones'),
(855, '604.61', 'Propaganda y publicidad'),
(856, '604.62', 'Capacitación al personal'),
(857, '604.63', 'Donativos y ayudas'),
(858, '604.64', 'Asistencia técnica'),
(859, '604.65', 'Regalías sujetas a otros porcentajes'),
(860, '604.66', 'Regalías sujetas al 5%'),
(861, '604.67', 'Regalías sujetas al 10%'),
(862, '604.68', 'Regalías sujetas al 15%'),
(863, '604.69', 'Regalías sujetas al 25%'),
(864, '604.7', 'Regalías sujetas al 30%'),
(865, '604.71', 'Regalías sin retención'),
(866, '604.72', 'Fletes y acarreos'),
(867, '604.73', 'Gastos de importación'),
(868, '604.74', 'Patentes y marcas'),
(869, '604.75', 'Uniformes'),
(870, '604.76', 'Prediales'),
(871, '604.77', 'Gastos de fabricación de urbanización'),
(872, '604.78', 'Gastos de fabricación de construcción'),
(873, '604.79', 'Fletes del extranjero'),
(874, '604.8', 'Recolección de bienes del sector agropecuario y/o ganadero'),
(875, '604.81', 'Gastos no deducibles (sin requisitos fiscales)'),
(876, '604.82', 'Otros gastos de fabricación'),
(877, '605', 'Mano de obra directa'),
(878, '605.01', 'Mano de obra'),
(879, '605.02', 'Sueldos y Salarios'),
(880, '605.03', 'Compensaciones'),
(881, '605.04', 'Tiempos extras'),
(882, '605.05', 'Premios de asistencia'),
(883, '605.06', 'Premios de puntualidad'),
(884, '605.07', 'Vacaciones'),
(885, '605.08', 'Prima vacacional'),
(886, '605.09', 'Prima dominical'),
(887, '605.1', 'Días festivos'),
(888, '605.11', 'Gratificaciones'),
(889, '605.12', 'Primas de antigüedad'),
(890, '605.13', 'Aguinaldo'),
(891, '605.14', 'Indemnizaciones'),
(892, '605.15', 'Destajo'),
(893, '605.16', 'Despensa'),
(894, '605.17', 'Transporte'),
(895, '605.18', 'Servicio médico'),
(896, '605.19', 'Ayuda en gastos funerarios'),
(897, '605.2', 'Fondo  de ahorro'),
(898, '605.21', 'Cuotas sindicales'),
(899, '605.22', 'PTU'),
(900, '605.23', 'Estímulo al personal'),
(901, '605.24', 'Previsión  social'),
(902, '605.25', 'Aportaciones para  el plan de jubilación'),
(903, '605.26', 'Otras prestaciones al personal'),
(904, '605.27', 'Asimilados a salarios'),
(905, '605.28', 'Cuotas al IMSS'),
(906, '605.29', 'Aportaciones al infonavit'),
(907, '605.3', 'Aportaciones al SAR'),
(908, '605.31', 'Otros costos de mano  de obra directa'),
(909, '606', 'Facilidades administrativas fiscales'),
(910, '606.01', 'Facilidades administrativas fiscales'),
(911, '607', 'Participación de los trabajadores en las utilidades'),
(912, '607.01', 'Participación de los trabajadores en las utilidades'),
(913, '608', 'Participación en resultados de subsidiarias'),
(914, '608.01', 'Participación en resultados de subsidiarias'),
(915, '609', 'Participación en resultados de asociadas'),
(916, '609.01', 'Participación en resultados de asociadas'),
(917, '610', 'Participación de los trabajadores en las utilidades diferida'),
(918, '610.01', 'Participación de los trabajadores en las utilidades diferida'),
(919, '611', 'Impuesto Sobre la renta'),
(920, '611.01', 'Impuesto Sobre la renta'),
(921, '611.02', 'Impuesto Sobre la renta  por remanente distribuible'),
(922, '612', 'Gastos no deducibles para CUFIN'),
(923, '612.01', 'Gastos no deducibles para  CUFIN'),
(924, '613', 'Depreciación contable'),
(925, '613.01', 'Depreciación de edificios'),
(926, '613.02', 'Depreciación de maquinaria y equipo'),
(927, '613.03', 'Depreciación de automóviles, autobuses, camiones de carga, tractocamiones, montacargas y remolques'),
(928, '613.04', 'Depreciación de mobiliario y equipo  de oficina'),
(929, '613.05', 'Depreciación de equipo  de cómputo'),
(930, '613.06', 'Depreciación de equipo  de comunicación'),
(931, '613.07', 'Depreciación de activos biológicos,  vegetales y semovientes');
INSERT INTO `sat` (`id_sat`, `codigo`, `nombre`) VALUES
(932, '613.08', 'Depreciación de otros activos fijos'),
(933, '613.09', 'Depreciación de ferrocarriles'),
(934, '613.1', 'Depreciación de embarcaciones'),
(935, '613.11', 'Depreciación de aviones'),
(936, '613.12', 'Depreciación de troqueles, moldes, matrices y herramental'),
(937, '613.13', 'Depreciación de equipo  de comunicaciones telefónicas'),
(938, '613.14', 'Depreciación de equipo  de comunicación satelital'),
(939, '613.15', 'Depreciación de equipo  de adaptaciones para  personas con capacidades diferentes'),
(940, '613.16', 'Depreciación de maquinaria y equipo  de generación de energía de fuentes renovables o de sistemas de cogeneración de electricidad eficiente'),
(941, '613.17', 'Depreciación de adaptaciones y mejoras'),
(942, '613.18', 'Depreciación de otra maquinaria y equipo'),
(943, '614', 'Amortización contable'),
(944, '614.01', 'Amortización de gastos diferidos'),
(945, '614.02', 'Amortización de gastos pre operativos'),
(946, '614.03', 'Amortización de regalías, asistencia técnica y otros gastos diferidos'),
(947, '614.04', 'Amortización de activos intangibles'),
(948, '614.05', 'Amortización de gastos de organización'),
(949, '614.06', 'Amortización de investigación y desarrollo de mercado'),
(950, '614.07', 'Amortización de marcas y patentes'),
(951, '614.08', 'Amortización de crédito mercantil'),
(952, '614.09', 'Amortización de gastos de instalación'),
(953, '614.1', 'Amortización de otros activos diferidos'),
(954, '700', 'Resultado integral  de financiamiento'),
(955, '701', 'Gastos financieros'),
(956, '701.01', 'Pérdida cambiaria'),
(957, '701.02', 'Pérdida cambiaria nacional parte  relacionada'),
(958, '701.03', 'Pérdida cambiaria extranjero parte  relacionada'),
(959, '701.04', 'Intereses a cargo  bancario nacional'),
(960, '701.05', 'Intereses a cargo  bancario extranjero'),
(961, '701.06', 'Intereses a cargo  de personas físicas nacional'),
(962, '701.07', 'Intereses a cargo  de personas físicas extranjero'),
(963, '701.08', 'Intereses a cargo  de personas morales nacional'),
(964, '701.09', 'Intereses a cargo  de personas morales extranjero'),
(965, '701.1', 'Comisiones bancarias'),
(966, '701.11', 'Otros gastos financieros'),
(967, '702', 'Productos financieros'),
(968, '702.01', 'Utilidad cambiaria'),
(969, '702.02', 'Utilidad cambiaria nacional parte  relacionada'),
(970, '702.03', 'Utilidad cambiaria extranjero parte  relacionada'),
(971, '702.04', 'Intereses a favor bancarios nacional'),
(972, '702.05', 'Intereses a favor bancarios extranjero'),
(973, '702.06', 'Intereses a favor de personas físicas nacional'),
(974, '702.07', 'Intereses a favor de personas físicas extranjero'),
(975, '702.08', 'Intereses a favor de personas morales nacional'),
(976, '702.09', 'Intereses a favor de personas morales extranjero'),
(977, '702.1', 'Otros productos financieros'),
(978, '703', 'Otros gastos'),
(979, '703.01', 'Pérdida en venta  y/o baja de terrenos'),
(980, '703.02', 'Pérdida en venta  y/o baja de edificios'),
(981, '703.03', 'Pérdida en venta  y/o baja de maquinaria y equipo'),
(982, '703.04', 'Pérdida en venta  y/o baja de automóviles, autobuses, camiones de carga, tractocamiones, montacargas y remolques'),
(983, '703.05', 'Pérdida en venta  y/o baja de mobiliario y equipo de oficina'),
(984, '703.06', 'Pérdida en venta  y/o baja de equipo  de cómputo'),
(985, '703.07', 'Pérdida en venta  y/o baja de equipo  de comunicación'),
(986, '703.08', 'Pérdida en venta  y/o baja de activos biológicos,  vegetales y semovientes'),
(987, '703.09', 'Pérdida en venta  y/o baja de otros activos fijos'),
(988, '703.1', 'Pérdida en venta  y/o baja de ferrocarriles'),
(989, '703.11', 'Pérdida en venta  y/o baja de embarcaciones'),
(990, '703.12', 'Pérdida en venta  y/o baja de aviones'),
(991, '703.13', 'Pérdida en venta  y/o baja de troqueles, moldes, matrices y herramental'),
(992, '703.14', 'Pérdida en venta  y/o baja de equipo  de comunicaciones telefónicas'),
(993, '703.15', 'Pérdida en venta  y/o baja de equipo  de comunicación satelital'),
(994, '703.16', 'Pérdida en venta  y/o baja de equipo  de adaptaciones para  personas con capacidades diferentes'),
(995, '703.17', 'Pérdida en venta  y/o baja de maquinaria y equipo de generación de energía de fuentes renovables o de sistemas de cogeneración de electricidad eficiente'),
(996, '703.18', 'Pérdida en venta  y/o baja de otra maquinaria y equipo'),
(997, '703.19', 'Pérdida por enajenación de acciones'),
(998, '703.2', 'Pérdida por enajenación de partes sociales'),
(999, '703.21', 'Otros gastos'),
(1000, '704', 'Otros productos'),
(1001, '704.01', 'Ganancia en venta  y/o baja de terrenos'),
(1002, '704.02', 'Ganancia en venta  y/o baja de edificios'),
(1003, '704.03', 'Ganancia en venta  y/o baja de maquinaria y equipo'),
(1004, '704.04', 'Ganancia en venta  y/o baja de automóviles, autobuses, camiones de carga, tractocamiones, montacargas y remolques'),
(1005, '704.05', 'Ganancia en venta  y/o baja de mobiliario y equipo de oficina'),
(1006, '704.06', 'Ganancia en venta  y/o baja de equipo  de cómputo'),
(1007, '704.07', 'Ganancia en venta  y/o baja de equipo  de comunicación'),
(1008, '704.08', 'Ganancia en venta  y/o baja de activos biológicos,  vegetales y semovientes'),
(1009, '704.09', 'Ganancia en venta  y/o baja de otros activos fijos'),
(1010, '704.1', 'Ganancia en venta  y/o baja de ferrocarriles'),
(1011, '704.11', 'Ganancia en venta  y/o baja de embarcaciones'),
(1012, '704.12', 'Ganancia en venta  y/o baja de aviones'),
(1013, '704.13', 'Ganancia en venta  y/o baja de troqueles, moldes, matrices y herramental'),
(1014, '704.14', 'Ganancia en venta  y/o baja de equipo  de comunicaciones telefónicas'),
(1015, '704.15', 'Ganancia en venta  y/o baja de equipo  de comunicación satelital'),
(1016, '704.16', 'Ganancia en venta  y/o baja de equipo  de adaptaciones para  personas con capacidades diferentes'),
(1017, '704.17', 'Ganancia en venta  de maquinaria y equipo  de generación de energía de fuentes renovables o de sistemas de cogeneración de electricidad eficiente'),
(1018, '704.18', 'Ganancia en venta  y/o baja de otra maquinaria y equipo'),
(1019, '704.19', 'Ganancia por enajenación de acciones'),
(1020, '704.2', 'Ganancia por enajenación de partes sociales'),
(1021, '704.21', 'Ingresos por estímulos fiscales'),
(1022, '704.22', 'Ingresos por condonación de adeudo'),
(1023, '704.23', 'Otros productos'),
(1024, '800', 'Cuentas de orden'),
(1025, '801', 'UFIN del ejercicio'),
(1026, '801.01', 'UFIN'),
(1027, '801.02', 'Contra  cuenta UFIN'),
(1028, '802', 'CUFIN del ejercicio'),
(1029, '802.01', 'CUFIN'),
(1030, '802.02', 'Contra  cuenta CUFIN'),
(1031, '803', 'CUFIN de ejercicios anteriores'),
(1032, '803.01', 'CUFIN de ejercicios anteriores'),
(1033, '803.02', 'Contra  cuenta CUFIN de ejercicios anteriores'),
(1034, '804', 'CUFINRE del ejercicio'),
(1035, '804.01', 'CUFINRE'),
(1036, '804.02', 'Contra  cuenta CUFINRE'),
(1037, '805', 'CUFINRE de ejercicios anteriores'),
(1038, '805.01', 'CUFINRE de ejercicios anteriores'),
(1039, '805.02', 'Contra  cuenta CUFINRE de ejercicios anteriores'),
(1040, '806', 'CUCA del ejercicio'),
(1041, '806.01', 'CUCA'),
(1042, '806.02', 'Contra  cuenta CUCA'),
(1043, '807', 'CUCA de ejercicios anteriores'),
(1044, '807.01', 'CUCA de ejercicios anteriores'),
(1045, '807.02', 'Contra  cuenta CUCA de ejercicios anteriores'),
(1046, '808', 'Ajuste anual por inflación acumulable'),
(1047, '808.01', 'Ajuste anual por inflación acumulable'),
(1048, '808.02', 'Acumulación del ajuste anual inflacionario'),
(1049, '809', 'Ajuste anual por inflación deducible'),
(1050, '809.01', 'Ajuste anual por inflación deducible'),
(1051, '809.02', 'Deducción del ajuste anual inflacionario'),
(1052, '810', 'Deducción de inversión'),
(1053, '810.01', 'Deducción de inversión'),
(1054, '810.02', 'Contra  cuenta deducción de inversiones'),
(1055, '811', 'Utilidad o pérdida  fiscal en venta  y/o baja de activo fijo'),
(1056, '811.01', 'Utilidad o pérdida fiscal en venta  y/o baja de activo fijo'),
(1057, '811.02', 'Contra  cuenta utilidad o pérdida fiscal en venta  y/o baja de activo fijo'),
(1058, '812', 'Utilidad o pérdida  fiscal en venta  acciones o partes sociales'),
(1059, '812.01', 'Utilidad o pérdida fiscal en venta  acciones o partes sociales'),
(1060, '812.02', 'Contra  cuenta utilidad o pérdida fiscal en venta  acciones o partes sociales'),
(1061, '813', 'Pérdidas fiscales pendientes de amortizar actualizadas de ejercicios anteriores'),
(1062, '813.01', 'Pérdidas fiscales pendientes de amortizar  actualizadas de ejercicios anteriores'),
(1063, '813.02', 'Actualización de pérdidas fiscales pendientes de amortizar  de ejercicios anteriores'),
(1064, '814', 'Mercancías recibidas en consignación'),
(1065, '814.01', 'Mercancías recibidas en consignación'),
(1066, '814.02', 'Consignación de mercancías recibidas'),
(1067, '815', 'Crédito fiscal de IVA e IEPS por la importación de mercancías para empresas certificadas'),
(1068, '815.01', 'Crédito fiscal de IVA e IEPS por la importación de mercancías'),
(1069, '815.02', 'Importación de mercancías con aplicación de crédito fiscal de IVA e IEPS'),
(1070, '816', 'Crédito fiscal de IVA e IEPS por la importación de activos fijos para empresas certificadas'),
(1071, '816.01', 'Crédito fiscal de IVA e IEPS por la importación de activo fijo'),
(1072, '816.02', 'Importación de activo fijo con aplicación de crédito fiscal de IVA e IEPS'),
(1073, '899', 'Otras cuentas de orden'),
(1074, '899.01', 'Otras cuentas de orden'),
(1075, '899.02', 'Contra  cuenta otras cuentas de orden');

-- --------------------------------------------------------

--
-- Estructura de tabla para la tabla `tipos`
--

CREATE TABLE IF NOT EXISTS `tipos` (
  `id_tipo` int(11) NOT NULL,
  `descripcion` varchar(64) DEFAULT NULL
) ENGINE=MyISAM DEFAULT CHARSET=utf8;

-- --------------------------------------------------------

--
-- Estructura de tabla para la tabla `tipo_papeles`
--

CREATE TABLE IF NOT EXISTS `tipo_papeles` (
  `id_tipo` int(11) NOT NULL,
  `padre` int(11) NOT NULL,
  `id_empresa` int(11) NOT NULL,
  `descripcion` varchar(128) NOT NULL
) ENGINE=MyISAM AUTO_INCREMENT=7 DEFAULT CHARSET=utf8;

--
-- Volcado de datos para la tabla `tipo_papeles`
--

INSERT INTO `tipo_papeles` (`id_tipo`, `padre`, `id_empresa`, `descripcion`) VALUES
(1, 0, 1, 'Ingresos'),
(2, 0, 1, 'Egresos'),
(3, 1, 1, 'Totales'),
(4, 1, 1, 'Contado'),
(5, 2, 1, 'Totales'),
(6, 2, 1, 'Pagados');

-- --------------------------------------------------------

--
-- Estructura de tabla para la tabla `tipo_poliza`
--

CREATE TABLE IF NOT EXISTS `tipo_poliza` (
  `id_tipo` int(11) NOT NULL,
  `id_empresa` int(11) NOT NULL,
  `tipo` varchar(2) NOT NULL,
  `descripcion` varchar(128) NOT NULL
) ENGINE=MyISAM AUTO_INCREMENT=4 DEFAULT CHARSET=utf8;

--
-- Volcado de datos para la tabla `tipo_poliza`
--

INSERT INTO `tipo_poliza` (`id_tipo`, `id_empresa`, `tipo`, `descripcion`) VALUES
(1, 1, 'Ig', 'Ingresos'),
(2, 1, 'Eg', 'Egresos'),
(3, 1, 'Dr', 'Diario');

-- --------------------------------------------------------

--
-- Estructura de tabla para la tabla `usuarios`
--

CREATE TABLE IF NOT EXISTS `usuarios` (
  `id_usuario` int(11) NOT NULL,
  `id_empresa` int(11) NOT NULL,
  `nombre` varchar(128) NOT NULL,
  `usuario` varchar(45) NOT NULL,
  `pass` varchar(256) NOT NULL
) ENGINE=MyISAM AUTO_INCREMENT=3 DEFAULT CHARSET=utf8;

--
-- Volcado de datos para la tabla `usuarios`
--

INSERT INTO `usuarios` (`id_usuario`, `id_empresa`, `nombre`, `usuario`, `pass`) VALUES
(1, 1, 'Luis Jaimes', 'fjaimes', '$2y$10$HYWnsRz7bWm7h2/r5aL43OilH6TBUInNgrQcyRLE3JaBO9wxW7y0S'),
(2, 1, 'Fernadno Jaimes', 'lfjaiimes', '$2y$10$KEwoKAv/dGm1K6AwZm0xTukkJppBibWqVkcbfHwHwF1C.c77sO6pG');

--
-- Índices para tablas volcadas
--

--
-- Indices de la tabla `clientes`
--
ALTER TABLE `clientes`
  ADD PRIMARY KEY (`id_cliente`);

--
-- Indices de la tabla `configuracion`
--
ALTER TABLE `configuracion`
  ADD PRIMARY KEY (`id_configuracion`);

--
-- Indices de la tabla `cuentas`
--
ALTER TABLE `cuentas`
  ADD PRIMARY KEY (`id_cuenta`,`id_empresa`);

--
-- Indices de la tabla `cuentas_rubros`
--
ALTER TABLE `cuentas_rubros`
  ADD PRIMARY KEY (`id_empresa`,`id_cuenta`,`id_rubro`);

--
-- Indices de la tabla `detalle_poliza`
--
ALTER TABLE `detalle_poliza`
  ADD PRIMARY KEY (`id_detalle`);

--
-- Indices de la tabla `empresas`
--
ALTER TABLE `empresas`
  ADD PRIMARY KEY (`id_empresa`);

--
-- Indices de la tabla `naturaleza`
--
ALTER TABLE `naturaleza`
  ADD PRIMARY KEY (`id_naturaleza`);

--
-- Indices de la tabla `papeles`
--
ALTER TABLE `papeles`
  ADD PRIMARY KEY (`id_papel`);

--
-- Indices de la tabla `periodos`
--
ALTER TABLE `periodos`
  ADD PRIMARY KEY (`id_periodo`);

--
-- Indices de la tabla `polizas`
--
ALTER TABLE `polizas`
  ADD PRIMARY KEY (`id_poliza`,`id_empresa`,`id_periodo`);

--
-- Indices de la tabla `proveedores`
--
ALTER TABLE `proveedores`
  ADD PRIMARY KEY (`id_proveedor`);

--
-- Indices de la tabla `regimenes`
--
ALTER TABLE `regimenes`
  ADD PRIMARY KEY (`id_regimen`);

--
-- Indices de la tabla `rubros`
--
ALTER TABLE `rubros`
  ADD PRIMARY KEY (`id_rubro`,`id_empresa`);

--
-- Indices de la tabla `sat`
--
ALTER TABLE `sat`
  ADD PRIMARY KEY (`id_sat`);

--
-- Indices de la tabla `tipos`
--
ALTER TABLE `tipos`
  ADD PRIMARY KEY (`id_tipo`);

--
-- Indices de la tabla `tipo_papeles`
--
ALTER TABLE `tipo_papeles`
  ADD PRIMARY KEY (`id_tipo`,`id_empresa`);

--
-- Indices de la tabla `tipo_poliza`
--
ALTER TABLE `tipo_poliza`
  ADD PRIMARY KEY (`id_tipo`,`id_empresa`);

--
-- Indices de la tabla `usuarios`
--
ALTER TABLE `usuarios`
  ADD PRIMARY KEY (`id_usuario`,`id_empresa`);

--
-- AUTO_INCREMENT de las tablas volcadas
--

--
-- AUTO_INCREMENT de la tabla `clientes`
--
ALTER TABLE `clientes`
  MODIFY `id_cliente` int(11) NOT NULL AUTO_INCREMENT;
--
-- AUTO_INCREMENT de la tabla `configuracion`
--
ALTER TABLE `configuracion`
  MODIFY `id_configuracion` int(11) NOT NULL AUTO_INCREMENT,AUTO_INCREMENT=24;
--
-- AUTO_INCREMENT de la tabla `cuentas`
--
ALTER TABLE `cuentas`
  MODIFY `id_cuenta` int(11) NOT NULL AUTO_INCREMENT,AUTO_INCREMENT=58;
--
-- AUTO_INCREMENT de la tabla `detalle_poliza`
--
ALTER TABLE `detalle_poliza`
  MODIFY `id_detalle` int(11) NOT NULL AUTO_INCREMENT,AUTO_INCREMENT=755;
--
-- AUTO_INCREMENT de la tabla `empresas`
--
ALTER TABLE `empresas`
  MODIFY `id_empresa` int(11) NOT NULL AUTO_INCREMENT,AUTO_INCREMENT=12;
--
-- AUTO_INCREMENT de la tabla `naturaleza`
--
ALTER TABLE `naturaleza`
  MODIFY `id_naturaleza` int(11) NOT NULL AUTO_INCREMENT,AUTO_INCREMENT=3;
--
-- AUTO_INCREMENT de la tabla `papeles`
--
ALTER TABLE `papeles`
  MODIFY `id_papel` int(11) NOT NULL AUTO_INCREMENT,AUTO_INCREMENT=21;
--
-- AUTO_INCREMENT de la tabla `periodos`
--
ALTER TABLE `periodos`
  MODIFY `id_periodo` int(11) NOT NULL AUTO_INCREMENT,AUTO_INCREMENT=16;
--
-- AUTO_INCREMENT de la tabla `polizas`
--
ALTER TABLE `polizas`
  MODIFY `id_poliza` int(11) NOT NULL AUTO_INCREMENT,AUTO_INCREMENT=49;
--
-- AUTO_INCREMENT de la tabla `proveedores`
--
ALTER TABLE `proveedores`
  MODIFY `id_proveedor` int(11) NOT NULL AUTO_INCREMENT,AUTO_INCREMENT=8;
--
-- AUTO_INCREMENT de la tabla `regimenes`
--
ALTER TABLE `regimenes`
  MODIFY `id_regimen` int(11) NOT NULL AUTO_INCREMENT,AUTO_INCREMENT=9;
--
-- AUTO_INCREMENT de la tabla `rubros`
--
ALTER TABLE `rubros`
  MODIFY `id_rubro` int(11) NOT NULL AUTO_INCREMENT,AUTO_INCREMENT=34;
--
-- AUTO_INCREMENT de la tabla `sat`
--
ALTER TABLE `sat`
  MODIFY `id_sat` int(11) NOT NULL AUTO_INCREMENT,AUTO_INCREMENT=1076;
--
-- AUTO_INCREMENT de la tabla `tipos`
--
ALTER TABLE `tipos`
  MODIFY `id_tipo` int(11) NOT NULL AUTO_INCREMENT;
--
-- AUTO_INCREMENT de la tabla `tipo_papeles`
--
ALTER TABLE `tipo_papeles`
  MODIFY `id_tipo` int(11) NOT NULL AUTO_INCREMENT,AUTO_INCREMENT=7;
--
-- AUTO_INCREMENT de la tabla `tipo_poliza`
--
ALTER TABLE `tipo_poliza`
  MODIFY `id_tipo` int(11) NOT NULL AUTO_INCREMENT,AUTO_INCREMENT=4;
--
-- AUTO_INCREMENT de la tabla `usuarios`
--
ALTER TABLE `usuarios`
  MODIFY `id_usuario` int(11) NOT NULL AUTO_INCREMENT,AUTO_INCREMENT=3;
/*!40101 SET CHARACTER_SET_CLIENT=@OLD_CHARACTER_SET_CLIENT */;
/*!40101 SET CHARACTER_SET_RESULTS=@OLD_CHARACTER_SET_RESULTS */;
/*!40101 SET COLLATION_CONNECTION=@OLD_COLLATION_CONNECTION */;
